:020000040800F2
:100000000000012079C10008BDC10008BDC1000881
:10001000BDC10008BDC10008BDC10008000000004E
:10002000000000000000000000000000BDC100084A
:10003000BDC1000800000000BDC10008BDC100082E
:10004000BDC10008BDC10008BDC10008BDC1000898
:10005000BDC10008BDC10008BDC10008BDC1000888
:10006000B1220008BDC10008BDC10008BDC1000823
:10007000BDC10008BDC10008BDC10008BDC1000868
:10008000BDC10008BDC10008BDC10008BDC1000858
:10009000BDC10008BDC10008BDC10008BDC1000848
:1000A000BDC10008BDC10008BDC10008BDC1000838
:1000B000BDC10008BDC10008BDC10008BDC1000828
:1000C000BDC10008BDC10008BDC10008BDC1000818
:1000D000BDC1000851260008BDC10008BDC100080F
:1000E000BDC10008BDC10008BDC10008BDC10008F8
:1000F000BDC10008BDC10008BDC10008BDC10008E8
:10010000BDC10008BDC10008BDC10008BDC10008D7
:10011000BDC10008BDC10008BDC10008BDC10008C7
:10012000BDC10008BDC10008BDC10008BDC10008B7
:1001300000000000000000000000000000000000BF
:1001400000000000000000000000000000000000AF
:10015000000000000000000000000000000000009F
:10016000000000000000000000000000000000008F
:10017000000000000000000000000000000000007F
:10018000000000000000000000000000000000006F
:10019000000000000000000000000000000000005F
:1001A000000000000000000000000000000000004F
:1001B000000000000000000000000000000000003F
:1001C000000000000000000000000000000000002F
:1001D000000000000000000000000000000000001F
:0401E0005FF8E0F1F3
:1001E8000348044B834202D0034B03B118477047BE
:1001F80020020020200200200000000005480649D7
:100208000B1AD90F01EBA301491002D0034B03B11C
:10021800184770472002002020020020000000003C
:1002280010B5064C237843B9FFF7DAFF044B13B136
:100238000448AFF300800123237010BD2002002082
:1002480000000000C0C1000808B5044B1BB10449F8
:100258000448AFF30080BDE80840CFE70000000085
:1002680024020020C0C10008044B02680A4201D0E1
:1002780000207047013BF8D101207047A18601009A
:10028800184B9A6942F008029A61DA6942F48002CE
:10029800DA61A3F582335A6822F47F425A605A68B9
:1002A80042F47F425A604FF440621A61A3F5344326
:1002B8001A6842F400421A601A6822F400421A606E
:1002C80024225A60B422DA6125221A621A6842F09E
:1002D80001021A601A6842F480621A60024A1360C6
:1002E800704700BF001002400000002038B50546E6
:1002F800154B1C68154BA26992071CD4204623682D
:10030800012143F4807340F8143BFFF7ADFFA0B917
:1003180040F202420D4B2561616911420FD06369B9
:100328005B050FD5636923F480636361236843F435
:100338000073236001E0013BDDD1012038BD013BA2
:10034800EAD1FAE7A369F9E700000020A1860100D5
:100358000A4B70B51E68044606F11405802128462C
:10036800FFF782FF40B9042128463461FFF77CFF7C
:10037800003818BF012070BD0120FCE700000020F4
:10038800084B10B51C6840212046236843F480635D
:1003980040F8143BFFF768FF10B92069C0B210BDE0
:1003A8000020FCE7000000200A4B10B51C68402123
:1003B8002046236823F480632360236843F4007392
:1003C80040F8143BFFF750FF10B92069C0B210BDC8
:1003D8000020FCE700000020054B1B681A6842F467
:1003E80000721A601A6842F480621A60704700BF8F
:1003F800000000202DE9F04F054685B0002800F0E8
:10040800E0800027FF224FF00308DFF8D0B1744ED8
:100418008BF8007032717271B2718BF801708BF8C1
:1004280002708BF803708BF804708BF80570F2710A
:100438008BF806708BF80770CBF80870ABF80C7067
:100448004FF00009674A32605FFA89F404F1500AF4
:100458006400603CE4B220465FFA8AFAFFF746FF80
:10046800002836D0FFF7B8FF09F10109B9F1080FE4
:10047800EAD15C4A116841F400711160039703994D
:10048800B1F5FA5FC0F0A480116808F1FF3841F4B3
:1004980000411160116818F0FF0821F40041116053
:1004A8004FF0240151604FF0B401D1614FF02501A4
:1004B8001162116841F001011160116841F4806115
:1004C8001160BDD11368326043F480634046136005
:1004D80077E09BF800209BF8011001328BF8002090
:1004E8009BF80220FA2001328BF80220B279FF2A09
:1004F8004FF0010202FA09F242EA010208BF86F847
:1005080006A08BF80120FFF723FF0028AAD19BF84B
:10051800032044F00104013220468BF80320FFF742
:10052800E5FE30B12046FFF757FFFFF7DFFE002852
:1005380098D19BF804206C1E01328BF804202246C7
:10054800291DCDE90021FFF71BFF009A019902F848
:10055800010F8A42F5D1FFF727FF2A68224B6871FD
:100568001A60AA8886F807A09A800122104605F129
:10057800050C14F8011F39B3FF294FF0000000D013
:1005880002466445F5D108BB1AB92878C04300F083
:10059800010001228BF807209BF805201149013240
:1005A8008BF805208BF80600FFF716FF0A6842F45F
:1005B80080620A6000283FF457AF022386F805A03E
:1005C800337105B0BDE8F08F0A46DAE70020E0E7AE
:1005D80000BF03990131039151E700BF3C0200209D
:1005E800000000200058004044020020074B1A7900
:1005F800FF2A08D05B79FF2B05D000B1027001B14A
:100608000B70012070470020704700BF00000020D9
:1006180010B5074C237800B1037011B105488079F3
:1006280008700AB161781170181E18BF012010BD3A
:100638003C0200200000002030B5084C0346E07959
:1006480058B11BB1A5681D60A5899D8011B1044BE7
:10065800DB790B700AB1A379137030BD3C0200201E
:100668000000002010B510B1074CA478047011B137
:100678000548C078087012B103490979117013B19F
:10068800014A52791A7010BD3C020020002242F241
:10069800273182B0013801D202B070470192019B24
:1006A8008B42F7D800BF019B01330193F7E741F272
:1006B8008833002818BF0346014A1380704700BFDB
:1006C8000800002030B504460D4687B0684603F0A0
:1006D800EFFA237868468DF8063063788DF807308E
:1006E800A3788DF80830E378114C8DF8093003F0C1
:1006F800B5FA2846FFF7DBFF2078400100F5427085
:1007080002F03CFE172801D01C2802D1207802F004
:100718005FFB207802F040F9064A00230121128885
:10072800207802F06FF9207802F01AFB07B030BD8C
:100738004A020020080000202DE9F041714C0746CC
:100748002078B4B0400100F5027002F017FE23785B
:1007580000F01F015B0103F5027002F03DFE01216C
:100768004FF4B85002F038FE2078DFF89C81400141
:1007780000F5427002F002FE98F802200646824216
:1007880018D01C2A96BF614B614B53F822301C28A5
:1007980096BF5E495E4951F820100092CDE90110DC
:1007A8005C4A602104A805F00FFF04A801F05CFF73
:1007B80088F80260002E79D0A6F11303DAB2092A6C
:1007C80000F29A80092B00F29780DFE803F0799510
:1007D8009595059595959505207802F0C4FE0546F2
:1007E800002841D040F2FF70854228BF0546ADB2CF
:1007F8002A464949207802F0E1FB20781F21400170
:1008080000F5027002F0E8FD635D652B03D1013D40
:10081800ADB2002D3ED029463F4800F0FBFB002832
:1008280054D0C02329463C4804AA00F011FC3B4898
:1008380001F01AFF172E07D104A806F021F904A920
:1008480082B2207802F00AFB207802F0C1FA207800
:1008580002F0A2F800230121B8F80020207802F065
:10086800D1F8207802F07CFA1C2E45D12C4801F0F2
:10087800FBFE207802F0ACFA207802F08DF8002315
:100888000121B8F80020207802F0BCF8207802F0A6
:1008980067FA31E02946204800F040F9214801F084
:1008A800E3FE172EE0D102221F4922E03346012140
:1008B800B8F80020207834B0BDE8F04102F0A2B8C2
:1008C800207834B0BDE8F04102F04ABA63787B2B57
:1008D800E0D120232946104804AA00F0F7F913486C
:1008E80001F0C2FE172EBFD104A806F0C9F804A96A
:1008F80082B2207802F0B2FA00233B7034B0BDE82F
:10090800F08100BF4A02002008000020D8C100087A
:100918005CC9000867C900084B0200208FC900089D
:10092800CDC90008BBC90008CAC90008A5C9000884
:1009380038B501250B4A0C4C9369322043F0040367
:100948009361236823F00F032360236843F00303B4
:1009580023606561FFF79AFE25616420BDE8384091
:1009680094E600BF001002400008014008B507499E
:10097800074802F005FF0749074802F03FFFBDE8B6
:1009880008400649064802F04FBF00BFC1230008CF
:10099800B1230008D1230008D3230008D723000877
:1009A800ED2300080D4A08B5936943F010039361DD
:1009B80001220B4B1A611A6822F00F021A601A689A
:1009C80042F001021A6001F019FDBDE8084000225A
:1009D8004FF6FF71712001F071BD00BF0010024099
:1009E8000010014008B543780F2B05D840334188E3
:1009F8000022D8B201F062FD042008BD30B5857828
:100A080095B06C0003348C4200F103001BD82946D2
:100A180001F0E0F800282B460CDA50210B4A684612
:100A280005F0D2FD684601F01FFE01F0D2F820461D
:100A380015B030BD50216846054A05F0C5FD684629
:100A480001F012FEF3E74FF0FF30F1E76ECB00083C
:100A580093CB000810B5044690B0407801F036F901
:100A68003C216378044A01A805F0AEFD01A801F015
:100A7800FBFD022010B010BDB3CB000870B5D0F854
:100A88000130B4B00693B0F80530032207931F4B2A
:100A980006A904461E48089300F0DEFE0023032240
:100AA8001B4809A9CDE909330B9300F0A1FE099869
:100AB800069B0A9D9842079A0B9E089903D1954276
:100AC80001D18E420CD0CDE901100092A021CDE9D0
:100AD8000356104A0CA805F077FD0CA801F0C4FDD8
:100AE800B4F80530A021039323790B4A0293E378E5
:100AF8000CA80193A3780093637805F065FD0CA812
:100B080001F0B2FD072034B070BD00BF4354454E1C
:100B180000700008D0CB000826CC000870B5064647
:100B28000D460024AC4201D3012070BD335D30195D
:100B3800652BF9D0012B07D12B1B9BB2032BF3D9C3
:100B4800FFF750FF04440AE00B2B0AD1291B89B296
:100B58000229E9D9FFF752FF031EE5DD1C44A4B2C0
:100B6800E0E7092B06D12B1B9BB2012BDCD0FFF74A
:100B780071FFE7E70A2BD7D12B1B9BB2062BD3D9E2
:100B8800FFF77CFFDEE700BF2DE9F04F8A460546F8
:100B9800ABB0B8B14C000F2CA8BF0F2420212246BF
:100BA80006A805F0A3FB04F1A8030DEB030400233A
:100BB8004FF0000804F8903CDFF8F0B0AC68DFF8BC
:100BC800F09014B92BB0BDE8F08F256A394B204658
:100BD800002D08BF1D4604F033FD48B12369CDE957
:100BE80000538021344A06AB0AA805F0EDFC25E045
:100BF800204604F010FD30B3D4E906673946304684
:100C080005F0BEF8059004F0B3FF02460B463046E7
:100C1800394604F05FFE42464B460AF089FD05F06E
:100C2800AFF8059B0028B8BF4042CDE900530290B9
:100C38008021224A06AB0AA805F0C6FC0AA801F0E2
:100C480013FD2468BDE7204604F0D8FC40B12046D7
:100C580004F0CEFC1A4B1B4A002808BF1346BEE717
:100C6800204604F002FD78B18021174A009506ABB2
:100C78000AA805F0A9FC0AA801F0F6FC20460AF12A
:100C88000101FFF781FFDCE7204604F0E7FC0028BC
:100C9800D7D0204604F0BEF85A46CDE9005080214E
:100CA80006AB0AA805F090FCE5E700BFA9CC000850
:100CB8000000594050CC000860CC000877CC0008F0
:100CC80055CC00085ACC000893CC00082DE9F04F09
:100CD80016460546A9B0A6480C461F4601F0C4FCB6
:100CE8002EB127B139463046A24A05F06DFC3DB316
:100CF80034B3284605462B7801307B2B26D14FF09C
:100D08000008234680219C4A05F8048008A805F0BD
:100D18005BFC08A801F0A8FC284604F01BF805466F
:100D2800D0B903F077FD954B8021002818BF034602
:100D3800934A08A805F048FC08A801F095FC14E0BF
:100D4800904829B0BDE8F04F01F08EBC013CA4B238
:100D5800002CCFD18C48F4E704F087FC40B98B48CD
:100D680001F082FC284603F095FD29B0BDE8F08F1C
:100D780041462846FFF708FF2846854904F05BF8F6
:100D8800044600287CD004F05BFC002864D0D4F82A
:100D98001080B8F1000F5FD040467E4905F034FD61
:100DA80028B140467C4905F02FFD00284ED100208F
:100DB80000F08CFF794801F057FC4FF001087849A2
:100DC800284604F038F877498146284604F033F875
:100DD8000446B9F1000F40F00E81D0B1204604F06E
:100DE8001AFC28B1D4E9060104F0CAFF012849D049
:100DF800204604F025FC38B1206928B16A4905F07D
:100E080003FD044600283ED0684801F02DFC4FF051
:100E1800FF342846664904F00EF88146002851D16F
:100E28000023B8F1FF3F9DD0611C9BD05A1C99D07C
:100E380044EA0804234395D0002E93D0002F91D084
:100E4800394630465B4A05F0BFFB8BE75A4801F04C
:100E58000BFC4FF0FF38B2E7204604F0DCFB68B12A
:100E6800D4E9060104F08CFF431E032B04D8C0B25A
:100E780000F02CFF51489EE75148E8E75148E6E763
:100E880080469CE70446B9F1000F40F0B780204641
:100E980000F06AFD4C4801F0E7FB0124B9E7D9E905
:100EA800060104F06DFFB0F5806F814601D3474815
:100EB800ABE7204600F058FD1FFA89F000F03CFD32
:100EC8004348E8E704F0D1FB28B9424801F0CCFBDD
:100ED8004FF0FF33A5E74FF0000AD9F808900DF15D
:100EE8000C0B5FFA8AF1B9F1000F02D1002997D0F3
:100EF80006E0BAF1090F0AD1374801F0B5FB5146AF
:100F080003A800F067FE002870D03448DEE7D9F85F
:100F180020200AB93248D9E7484604F07CFB00286B
:100F2800F8D00A2202A9D9F8200006F0E7FF0299B2
:100F38000246D9F82000884203D0097809B9FF2A67
:100F480001D92848C2E7D9E90601019204F018FF3F
:100F5800FF28019A0AF1010A0BF1020B01D9224874
:100F6800B4E70BF8022C0BF8010CD9F80090B8E79D
:100F7800CECC0008E4CC0008A2CF0008C6CC0008FC
:100F880063CF0008F4CC000882CF000812CD000817
:100F9800DDD4000836CD0008ECD400083BCD0008AD
:100FA80065D40008C8CD0008CFCD0008D1CD000811
:100FB800ADD400085ECF00084BCD000874CD000802
:100FC80084CD0008AACD0008F8CD000835CE000869
:100FD80056CE000869CE000897CE000812CF000848
:100FE800BCCE0008D9CE0008F3CE0008074801F0AF
:100FF8003BFB012315E700287FF4F0AE484604F0D8
:101008000AFB00287FF44BAF0148FEE644CF0008F6
:101018000ACE00082DE9F0410E46044688B10025A5
:101028000A4F57F8048B404605F02AFD86420246CF
:1010380004D34146204605F0AFF828B10135072D05
:10104800EFD10020BDE8F0810120FBE764C2000871
:1010580070B58AB015461E4602AA2023FFF736FE51
:1010680002220A4902A805F039FD094C094B00285B
:1010780018BF1C46204605F003FD31460346064AC4
:101088002846009405F0A0FA0AB070BDCAC9000845
:10109800B3CF0008C3CF0008DECF0008002208B590
:1010A800054B06481A809A7001F0DEFABDE8084040
:1010B800034801F0D9BA00BF4C0A002080C20008DA
:1010C80069D0000810B4174B997851B90D2801D090
:1010D8000A2808D100211A8892B21A44D170012234
:1010E8009A7010BC7047082801D07F280BD11A8845
:1010F80092B2002AF5D01A880B48013A92B210BC75
:101108001A8001F0B1BA198889B23E29E9D819883C
:1011180089B24C1CA4B21C800B44D87010BC01F0DE
:101128002BBA00BF4C0A00206ED000082DE9F04F02
:101138002D4C8BB0A378002B52D0002202A88046F9
:101148001746E31C197896B2A1B1082A2CD01D784D
:101158001946202D03F10103F9D05DB140F8041BB5
:101168000D780B4601311DB1202DF9D11F700B46AA
:101178000132E7E74EB300254FF00C0B1B4B029FE3
:101188001B68DFF86C900193019B9D420ED11948B2
:1011980001F06AFA029801F067FA174801F064FA58
:1011A800164801F061FA10E01646E4E70BFB05F378
:1011B800384653F8091003EB090A05F025FB68B90E
:1011C80041463046DAF80430984700230C4823801B
:1011D800A3700BB0BDE8F04F01F046BA0135D3E774
:1011E8000BB0BDE8F08F00BF4C0A00204CC50008CA
:1011F800ECC4000872D00008B8C9000885D00008FF
:1012080069D000084FF6FE730139994214D8C3B269
:101218005A1ED2B2DE2A0FD8C0F30722FF2A0BD0FB
:10122800C0F30742FF2A07D0000EFF2804D0B3F10D
:101238007F0018BF012070470020704708B502489A
:1012480001F012FA002008BDB4D000082DE9F041E1
:10125800104801F009FA08240F4DDFF84080104FBC
:10126800104E404601F000FA286801F0FDF93846B2
:1012780001F0FAF9A8680C35002808BF304601F0DB
:10128800F3F9094801F0F0F9013CEAD12046BDE83C
:10129800F08100BFBDD00008ECC40008D5D000081C
:1012A800D8D0000871D00008B8C90008022873B562
:1012B8000D4607D0144801F0D7F94FF0FF34204607
:1012C80002B070BD4E681149304605F09DFA0446DB
:1012D80028B900F0FBFC0E4801F0C6F9EFE70A2236
:1012E800304601A906F00AFE019B6A689A4203D0BB
:1012F8001C780CB9FF2801D90648DCE7C0B200F019
:10130800E5FC0548E8E700BFDCD00008ECD400089D
:10131800F5D0000806D1000817D100082DE9F047DC
:1013280001280E4686B008DC204801F09DF94FF0F0
:10133800FF34204606B0BDE8F08702ADA846013864
:10134800C4B205EB44094D4507D12146404600F09B
:1013580041FC044628B31648E7E756F804AF0A22CA
:10136800504601A906F0CAFD07460198504501D12B
:101378001048DAE703782C2BFAD10A2201A90130A8
:1013880006F0BCFD019B1B78002BF1D1FF2FEFD895
:10139800FF2805F10205EBD805F8027C05F8010CD9
:1013A800D1E7054801F060F9C3E700BF28D100087C
:1013B8007BD1000857D10008AED10008022810B52B
:1013C80005D00E4801F050F94FF0FF300CE04C68A2
:1013D8000B49204605F018FA38B9012000F0D4FA74
:1013E800084801F041F9002010BD2046064905F0E3
:1013F8000BFA0028F2D00548E4E700BFC9D100087D
:10140800E4D100080ED20008E7D10008EBD10008AB
:10141800032837B50C4606D0184801F025F94FF0D7
:10142800FF3003B030BD0A22606801A906F066FDEE
:10143800019B626805469A4204D01B7813B9B0F53F
:10144800803F01D30E48E8E70A22A06801A906F008
:1014580055FD019BA2689A4203D01C780CB901285B
:1014680001D90848D9E7C0B200F07EFAA8B200F066
:1014780063FA054801F0F8F82046D2E720D20008C0
:1014880047D2000859D200087BD20008002330B5A3
:10149800A9B003221A4805A9CDE90533079300F03E
:1014A800A7F9184B079A9A421CD1DDE90545294648
:1014B8002046FFF7A7FEA8B16021230E0293C4F3CC
:1014C8000743ADB20193104AC4F307230093039571
:1014D800E3B208A805F078F808A801F0C5F80020DC
:1014E80029B030BD322341F288320121CDE90232E0
:1014F800A823064ACDE90031C0238021E9E700BFCF
:10150800007000084354454EC4D200088FD200082A
:1015180037B504460A220D46006801A906F0EEFC1C
:10152800019B22689A420AD0FF2808D81A782E2AE6
:1015380005D1287000200133236003B030BD4FF07F
:10154800FF30FAE7002370B50328B6B00E46CDE9A0
:101558000B330D9307D0404801F086F84FF0FF3465
:10156800204636B070BD4B6806A805A90693FFF75C
:10157800CFFF08B13948EFE70DF1150106A8FFF7CD
:10158800C7FF0028F6D10DF1160106A8FFF7C0FF26
:1015980004460028EED10A22069807A906F0AEFCF8
:1015A800DDE90623934203D01B780BB9FF2801D944
:1015B8002B48D1E70A228DF8170007A9B06806F072
:1015C8009DFC079BB26805469A4206D01B7823B952
:1015D8004FF6FE73421E9A4201D92248BCE7059E87
:1015E80001463046FFF70EFE08B91F48B4E71F4B07
:1015F80003221F4808A90A93CDE9086500F02CF9D1
:1016080003221B480BA900F0F3F80B9A089B9A4297
:1016180007D10C9A099B9A4203D10D9A0A9B9A42C8
:1016280001D0144898E7A9B205A8FFF74BF89DF830
:101638001730A02102939DF816300F4A01939DF8A8
:101648001530039500930EA89DF8143004F0BCFFE4
:101658000EA801F009F883E7EAD2000808D30008C9
:1016680006D3000824D3000833D300084354454E5A
:10167800007000087CD3000894D300082E4B82B079
:101688001A6842F480321A601A689103FCD52B4A12
:10169800116841F010011160116821F00701116013
:1016A800116841F0040111605A6822F47F5222F057
:1016B80030025A605A685A605A6842F480625A6026
:1016C8005A685A605A6822F47C125A605A6842F47E
:1016D80080325A605A6842F4E0125A601A6842F03E
:1016E80080721A601A689201FCD55A6822F00302C7
:1016F8005A605A6842F002025A605A6802F00C02B4
:10170800082AFAD100230E4A0093009B93420ADD6F
:1017180000230B4A0193019B934208DD094B0A4AB7
:101728001A6002B07047009B01330093EDE7019BFC
:1017380001330193EFE700BF001002400020024090
:10174800FF083D000C00002000A24A04084AD369A3
:1017580043F00103D3614FF080431A6822F001027D
:101768001A6047229A621A6842F008021A607047A3
:1017780000100240012810D94FF0804300220138A0
:10178800D8625A621A6922F001021A611A6842F094
:1017980001021A601A69D207FCD57047114B30B59F
:1017A800DA69044642F0C052DA610F4A116841F41E
:1017B800807111600D4948685D6A05F07C45B5F196
:1017C800006F0AD100204860116821F4807111600F
:1017D8005A6A42F080725A6230BD012CF2D0013050
:1017E80080B2F0E70010024000700040006C00403A
:1017F80001EB8202401A914200D17047435841F8E8
:10180800043BF8E7124B1A69120641BF114A5A60A5
:1018180002F188325A60DA68D107FCD4DA6842F0FB
:101828003402DA601A6942F002021A6158611A69D0
:1018380042F040021A61064BDA68D207FCD4DA6833
:1018480042F03402DA601A6922F002021A61704723
:101858000020024023016745F8B52A4C0E4623694B
:101868001546190641BF284B636003F1883363604E
:10187800FFF7C8FFE36843F03403E3600024214B1B
:10188800AC4219D056F824101A698FB242F00102FE
:101898001A61090C0780DA68D207FCD4DA6897065F
:1018A80042BFDA6842F02002DA601A6922F00102C7
:1018B8001A61DA68520705D5124A136943F08003A2
:1018C8001361F8BDDA68D706F6D41A6942F0010246
:1018D8001A614180DA68D207FCD4DA68970642BFF9
:1018E800DA6842F02002DA601A6922F001021A610D
:1018F800DA685107E0D4DA68D206DDD4043001345E
:10190800BEE700BF002002402301674538B5002428
:10191800084DE0B2002235F8021B013400F0CEFD7C
:101928000E2CF6D10022BDE8384011467C2000F08C
:10193800C5BD00BF900A002008B50023094A40FA37
:1019480003F111F0010F14BF4FF440414FF400416F
:1019580001330A2B22F8021BF1D1FFF7D7FF002031
:1019680008BD00BF900A0020002814BF4FF4404271
:101978004FF4004208B5034B9A82FFF7C7FF0020D7
:1019880008BD00BF900A00204FF40042002814BF91
:101998004FF44041114608B5034BD9821A835A8344
:1019A800FFF7B4FF002008BD900A002010F0010FD7
:1019B80014BF04224FF480221B4B81071A614CBFCD
:1019C80010224FF480121A6142074CBF20224FF4B4
:1019D800001201071A614CBF40224FF480021A61BD
:1019E800C2064CBF80224FF4000210F0200F1A618B
:1019F80014BF10224FF480120C4B41061A614CBFE1
:101A080020224FF4001210F0800F1A6114BF012237
:101A18004FF48032064B1A61C2054CBF02224FF4C4
:101A280000321A61704700BF0008014000100140F1
:101A3800000C014030B595B002460B490446684693
:101A480004F022FE684600F00FFE0223074D2046F0
:101A58002B61FFF7ABFF3220FFF78CFE4FF400330A
:101A680000202B6115B030BDF1D4000800080140FA
:101A780030B595B002460B490446684604F004FEAA
:101A8800684600F0F1FD0823074D20462B61FFF75B
:101A98008DFF3220FFF76EFE4FF4002300202B61EC
:101AA80015B030BD20D500080010014030B595B004
:101AB80002460B490446684604F0E6FD684600F015
:101AC800D3FD0423074D20462B61FFF76FFF32201B
:101AD800FFF750FE4FF4802300202B6115B030BD76
:101AE8004FD500080010014030B595B002460B49AB
:101AF8000446684604F0C8FD684600F0B5FD0223B8
:101B0800074D20462B61FFF751FF3220FFF732FEC9
:101B18004FF4003300202B6115B030BD7ED500088E
:101B280000100140F0B500250B4E0C4F95B0841EF7
:101B38002A4634F8023F3946684604F0A5FD68464F
:101B480000F092FD013556F8043B20889847042D93
:101B5800EED115B0F0BD00BF50C50008ADD50008E6
:101B6800154A936943F01C039361144B144A19688E
:101B7800A3F500630A40C3F80028D3F80018114AF7
:101B88000A43C3F800281A6822F47F621204120C70
:101B98001A6019680C4A0A431A60D3F8002422F024
:101BA800FF02C3F80024D3F8002442F03302C3F83C
:101BB8000024FFF7CBBD00BF001002400010014019
:101BC8000F0000FF303333003003333300B1A9E78F
:101BD8007047704700232DE9F043092999B006465C
:101BE8000C46CDE9023316D879B38EB1002501270A
:101BF800DFF8649006F1010816F8152018F815109A
:101C0800013AD2B2032A03D84B1ED8B2082804D905
:101C18004FF0FF301DE00924E7E718A800EB420069
:101C280030F858CC07FA03F343EA0C039BB220F8C8
:101C3800583C009104A8494604F026FD013504A843
:101C480000F012FDEBB29C42D6D802A8FFF76AFF5B
:101C5800002019B0BDE8F083DFD50008184A936961
:101C680043F014039361A2F58032536823F0F00324
:101C78005360536843F030035360124B596821F0A6
:101C88000F015960596841F003015960596821F4FE
:101C980070415960596841F440515960596821F4BC
:101CA80070215960596841F4403159604FF0007112
:101CB80011614FF0C8521A610022034B1A70704725
:101CC8000010024000080140AC0A00204FF00073E9
:101CD800104910B50B614FF0C85300240E4A012873
:101CE80013610E4B1C7004D14FF400720A61187016
:101CF80010BD022803D14FF480711161F7E7032862
:101D080002D14FF40061F8E70428F1D14FF4805173
:101D1800F3E700BF0010014000080140AC0A0020B2
:101D2800014B1878704700BFAC0A00200346002812
:101D3800B8BF00F11F035B1151F8233043FA00F0DC
:101D480000F001007047034600200BB920207047BF
:101D5800DA07FCD45B080130F7E7034600200A469F
:101D6800014653EA020C02D140200021704713F0CB
:101D7800010FFBD15B08013043EAC27341F1000156
:101D88005208EEE703460022202003B9704713F0FB
:101D9800010F18BF10465B080132F6E730B50C4654
:101DA800002103460A4640200D4653EA040C00D1A0
:101DB80030BD13F0010F1CBF294610465B080132E5
:101DC80043EAC47345F100056408EEE70B6870B593
:101DD8001B1A064601250020002BB8BF5B4295421E
:101DE80000D370BD51F82540A41B002CB8BF644235
:101DF8009C42BCBF284623460135F0E710B504468F
:101E0800FFF7A1FF01FA00F0204010BDF8B5154614
:101E180007460E461C46FFF7A0FFA0F1200105FA71
:101E280001F1C0F1200284400C4325FA02F2144368
:101E380005FA00F0384004EA0601F8BD08B501408B
:101E4800FFF781FF21FA00F008BD08B50146FFF74A
:101E58007AFF21FA00F008BD38B50D460446FFF7B1
:101E68007CFF0246C0F1200105FA01F1A2F1200031
:101E7800D4400C4325FA00F0204325FA02F138BD7E
:101E8800FFF780BF034600B121B98B4238BF0B462C
:101E980018467047B3FBF1F2084601FB12310346BE
:101EA8000029F7D17047F8B550EA010402D052EA88
:101EB80003040AD10C46904274EB0301054601D293
:101EC80015461C4628462146F8BD15461C4603F013
:101ED800CFFF16461E4328462146F6D1F2E738B50D
:101EE8000D46044628B131B1FFF7CCFFB4FBF0F43E
:101EF8006C43204638BD0C46FBE72DE9F843044601
:101F0800DDE908670D4690469946FFF7BBFFB4FB2D
:101F1800F0F4B5FBF0F0346038603368434501D81D
:101F2800484502D9002333603B60BDE8F8832DE9BA
:101F3800F74F9146DDE91045DDE90E769846834670
:101F48008A46FFF7B0FF02460B46CDE90010584617
:101F5800514603F08DFFDDE90032C4E9000148462F
:101F6800414603F085FFC5E900010C9B22689342B6
:101F78000D9A636872EB030303D3874276EB010380
:101F880005D200220023C4E90023C5E9002303B0D9
:101F9800BDE8F08F0346002003B97047DA0748BF51
:101FA80001305B08F8E710B50146000AFFF7F2FFB9
:101FB8000446C8B2FFF7EEFF204410BD38B504460A
:101FC800000CFFF7F0FF0546A0B2FFF7ECFF28442E
:101FD80038BD10B5044603C803F04AFFC4E9000140
:101FE8001046194610BD10B503F042FF029CC4E923
:101FF800002310BD10B51C46002303F039FF2260F2
:1020080010BD10B51C46D31703F0E2FE226010BDC8
:1020180008B5002303F02CFF08BD08B5D31703F05B
:10202800D7FE08BD13B50446002201A905F0A2FE9B
:10203800019BA34208BF6FF0150002B010BD13B595
:102048000446002201A905F059FF019BA34208BFDD
:102058006FF0150002B010BD4870000A0870704794
:10206800008840BA80B270470870000A487070470C
:1020780000887047030A8870000C4B70087070471E
:10208800B0F8013000785BBA9BB243EA0040704771
:10209800030A0870000C4B708870704782780088BB
:1020A80040EA02407047030AC8708B70030C000EA8
:1020B8004B7008707047006800BA7047030A0870D0
:1020C8004B70030C000E8B70C87070470068704727
:1020D800030A9371030C53710B0AD071D170000E6F
:1020E80093700B0C090E10715370117070470168D2
:1020F800406809BA00BA7047030A5370030C93701A
:102108000B0A10701171000E53710B0C090ED07070
:102118009371D17170470346006859687047C1F1DF
:102128000F01C9B2884000B208417047C1F11F01D0
:10213800C9B2884008417047A0FB0101704770B5DB
:102148000C46A0FB0201C3F1200601FA06F6A3F132
:102158002005D84021FA05F530432843D940C3F17A
:10216800200584B1A4FB0234A5F1200603FA06F683
:10217800C5F12002AC4023FA02F23443AB401443C9
:10218800181841EB040170BD2DE9F0430026A0FBAF
:102198000240A1FB021234190D1812189946304654
:1021A80031464FF0004E46EB060792187F4142EA4F
:1021B800D57224196D414A4577F1000313D3C6F14E
:1021C800200CA6F120082EFA08F80EFA0CFC4CEAAE
:1021D800080CB2EB09022EFA06F867F100074CEA80
:1021E800000048EA01010136402EDED1BDE8F08347
:1021F80000207047931E062BF7B507460D46144678
:1022080019D88A4217D8B1FBF2F302FB131393B91A
:10221800064622463146684603F0F2FF2346721E00
:10222800013B1DF8031002F8011F002BF8D12644CA
:10223800F31BAB42EDD303B0F0BD0000174A93691E
:1022480043F021039361164B1A6822F470621A60F6
:102258001A6842F400621A60DA6842F00402DA602E
:10226800A3F5A0539A6822F470629A609A6842F4BF
:1022780040729A60D3F8002442F00402C3F80024A4
:10228800D3F80C2442F00402C3F80C240022054BB6
:1022980083F808234FF480721A60704700100240D8
:1022A8000014014000E100E0044B5A69520704D5CC
:1022B8000121034A117004225A6170470004014049
:1022C8004B0A0020044B9A689107FCD518739A684A
:1022D800D207FCD5187B704700300140304A93691B
:1022E80043F4805343F00D0393612E4B5A6822F058
:1022F800E0625A605A6842F000725A605A6842F0C6
:1023080001025A60D3F8002C03F5406322F47042AE
:102318001A601A6842F440521A601A6842F400427D
:102328001A601A6822F470021A601A6842F440129D
:102338001A601A6842F400021A601A6822F47022BD
:102348001A601A6842F480221A60A3F580635A68FA
:1023580022F070425A605A6842F040525A604FF474
:1023680000421A61002203F520531A601A6822F00D
:1023780038021A601A6842F004021A601A6842F4B5
:1023880040721A601A6822F003021A605A6842F012
:1023980040025A601A6842F040021A60704700BF53
:1023A80000100240000001404FF00042014B1A614A
:1023B800704700BF000801404FF40042014B1A610A
:1023C800704700BF000801407CE7FF207AE738B576
:1023D80004464518AC4200D138BD14F8010BFFF78C
:1023E80071FFF7E738B504464518AC4200D138BD4F
:1023F800FF20FFF767FF04F8010BF6E7264B9A6901
:1024080042F019029A61DA6942F48042DA61A3F56E
:1024180082335A6892B25A605A6842F430025A605B
:102428005A6842F030425A605A6822F070625A6024
:102438005A6842F000625A60DA6842F48042DA6010
:102448005A6842F440325A60144A516821F0F00147
:102458005160516841F0300151604FF48051196169
:102468004FF40073136100220D4B1A601A6822F0B2
:1024780038021A601A6842F004021A601A6842F4B4
:1024880040721A601A6822F003021A601A6842F051
:1024980040021A60704700BF00100240001001405F
:1024A80000380040044B9A689107FCD518739A6865
:1024B800D207FCD5187B704700380040012A38B590
:1024C80014460CBF4FF000724FF080520D460CBFFF
:1024D8000C4B0D4B1A61FFF7E5FF280AFFF7E2FFE7
:1024E800E8B2FFF7DFFF094A93681B06FCD4012C0A
:1024F8000BBF4FF400724FF48052024B024B1A612B
:1025080038BD00BF00100140000C014000380040F9
:102518000022FFF7D3BF01290CBF4FF000724FF024
:10252800805238B50CBF0F4B0F4B0C461A61FFF7A2
:10253800B9FF0020FFF7B6FF05460020FFF7B2FFFE
:102548000A4A93681B06FCD4012C0BBF4FF4007297
:102558004FF48052034B044B40EA05201A6180B2C5
:1025680038BD00BF00100140000C01400038004099
:102578000021FFF7D0BF00BF034B1A681206FCD535
:10258800C0B25860704700BF00380140034B1A685A
:102598009206FCD55868C0B2704700BF00380140A9
:1025A800014B1860704700BFB00A0020214A002084
:1025B800936943F004039361936943F001039361C2
:1025C8001D4B596841F030015960596841F080014C
:1025D8005960596821F040015960596821F44071E7
:1025E8005960596841F480615960596821F4006163
:1025F800596012494B6823F004034B60936943F414
:10260800804393610E4BDA6842F00802DA60DA68B8
:1026180042F00402DA60DA6842F02002DA6040F23E
:1026280071229A60DA6842F40052DA602022054B7F
:102638005A60704700100240000801400000014045
:102648000038014000E100E0054B1A68920605D504
:102658005868044B1B680BB1C0B21847704700BFDD
:1026680000380140B00A002008B5411E11F8010FDA
:1026780000B908BDFFF780FFF8E770B50446164BB0
:1026880086B001AA03F11006154618685968083380
:1026980003C5B3422A46F7D11B7830202B70FFF7C9
:1026A8006BFF7820FFF768FF06AB03EB141313F8F2
:1026B800140C04F00F04FFF75FFF04F118030DEB8F
:1026C800030414F8140CFFF757FF0A2006B0BDE8FE
:1026D8007040FFF751BF00BF0DD6000807282DE94D
:1026E800F84306460D461746994668D8440108340B
:1026F800204600F043FE00F00300012803D06FF0ED
:102708000400BDE8F88304F54078404600F036FE42
:10271800132857D12A786B7803EB0223AA7802EBA7
:102728000323EA78013A02EB032203324DD8002F43
:102738004ED0390A04F5805000F04EFEF9B204F587
:10274800885000F049FEB9F1100FD8D0204600F0AB
:1027580015FE0928D3D0294604F54060042204F563
:10276800807500F0A5FE0421284600F035FE2846B5
:1027780000F004FE0028FAD1174B1B8843FA06F62E
:10278800F207BED404F50074404600F0F7FD1728A0
:1027980001D10120B5E7204600F0F0FD030706D57A
:1027A8002046082100F018FE6FF00C00A9E740460B
:1027B80000F0E4FD0028E7D16FF00300A1E74FF037
:1027C800FF309EE76FF002009BE76FF00B0098E781
:1027D8006FF00A0095E700BFB40A00202DE9F84F12
:1027E800072807468A4691461E46BDF828409DF8A8
:1027F8002CB000F2C58045010835284600F0BEFD22
:1028080000F00F03042B05D810F00E0F04D16FF061
:1028180004000FE00B2BFAD1284600F0AFFD042886
:10282800804627D0BBF1100FF1D0BBF1040F03D0C5
:102838006FF00B00BDE8F88FA0F10A03DBB2012BA3
:10284800E5D95A46314605F5406008F0030800F01E
:102858002FFEB8F1020F0DD114B96FF00A00E9E7A5
:10286800210A05F5805000F0B7FDE1B205F5885062
:1028780000F0B2FDB9F1000F00F08580337872786E
:1028880002EB0322B37803EB0222F37803EB022373
:10289800002B3AD0002C3ED005F54078404600F099
:1028A8006DFD42283DD10422314605F5406000F017
:1028B800FFFD210A05F5805000F08EFDE1B205F517
:1028C800885000F089FD05F5F85000F057FD8002AA
:1028D80080B2484528BF48464FF001090446DFF852
:1028E800B4B009FA07F9384600F01CFE064640461F
:1028F80000F044FD002849D0BBF8003013EA090F66
:1029080016D0B44216D9002094E7284600F036FDC8
:102918004007BFD48CE7284600F030FD4107BBD400
:102928009BE700F0EF002228BDD06FF0060081E79A
:10293800B442D8D851463846224605F5807600F08C
:1029480033FE2021304600F047FD304600F016FDEA
:102958000028FAD105F50075284600F00FFDC206DB
:1029680005D52846102100F037FD204662E7030709
:10297800F2D52846082100F02FFD6FF00C0059E72A
:102988004FF0FF3056E76FF00D0053E76FF003008C
:1029980050E700BFB40A00200728F8B505462CD830
:1029A800470107F1080407F584771021384600F03D
:1029B80013FD384600F0E2FC06460028F9D11F2135
:1029C80004F5007000F008FD0123AB40DB430C4A1E
:1029D8001BB2118804F540741940118051880B40CE
:1029E800538002EB45032A449E801675204600F06A
:1029F800C5FC0028FAD10120F8BD4FF0FF30FBE7F5
:102A0800B40A002007282DE9F341044688461746F2
:102A18001D4600F2828001F00F03013B0D2B7FD889
:102A2800DFE803F0071515157E7E7E7E7E15157E80
:102A38007E1504224FF470600DEB020100F0FEFCDD
:102A4800019B23B96FF0020002B0BDE8F08168076E
:102A580056D42DB1B8F1010F4FD0B8F1020F52D0B2
:102A680020466601FFF798FF083625F00F0130462B
:102A780041EA080100F0B0FC6FB94FF6F0712A4A3C
:102A880017887B1C9BB28B4205BF4FF440434FF61F
:102A9800EF7713801380390A06F5806000F09CFCFC
:102AA800F9B206F5A06006F5807700F095FC0121E3
:102AB800384600F091FC384600F060FC0028FAD156
:102AC8000123A340DB43194A1BB2118805F0010515
:102AD8001940A5400D43518815800B40538002EBE7
:102AE800440322449880107506F54076304600F07D
:102AF80045FC0028FAD060B2A6E715F0210FAFD147
:102B08006FF00500A0E7A9066BB201D5002BF7DA34
:102B1800EA06A5D5002BA3DBF2E74FF0FF3093E7D9
:102B28006FF0040090E700BF10000020B40A0020F6
:102B38002DE9F04F072805468B469246994687B0FF
:102B480000F2038147010837384600F017FC00F00F
:102B58000F010429034605D810F00E0F04D16FF0B9
:102B68000400B6E00B29FAD1BAF1000F00F0F080AA
:102B78007A4E4FEA450806EB4501898800297FD13E
:102B8800012107F54072A94001922846CDE90213B8
:102B980000F0E9FC0446019800F0F0FB002800F082
:102BA800DA8030880299039B084202D01CB920467B
:102BB8008FE0002CE9D003F00703032B07F580779B
:102BC80000F08A80042B5DD0022B40F0B68006EB23
:102BD80008039B888BBB284604A9082200F011FD36
:102BE8004021384600F0F8FB384600F0C7FB0028C3
:102BF800FAD19DF810309DF8142089F800309DF81E
:102C080011309DF8161089F801309DF8123089F8B6
:102C180002309DF8133089F803309DF8153003EB26
:102C28000223109A13809DF8172006EB080302EB85
:102C380001229A80802273191A7506EB08039C8872
:102C4800544528BF544659462246284600F0D9FC28
:102C58004021384600F0C0FB384600F08FFB0028C2
:102C6800FAD1B044B8F804301B1B9BB2A8F8043062
:102C78001BB17319187D40F001003544287596E79B
:102C8800002498E706EB08039B88002BD5D128463B
:102C980004A9022200F0B5FC4021384600F09CFB54
:102CA800384600F06BFB0028FAD19DF811309DF8EA
:102CB8001020023B03EB02239BB206EB0802938031
:102CC80040F2EA529342B5D92846FFF765FE6FF401
:102CD8007A7007B0BDE8F08F06EB08039B88002BDD
:102CE800B6D1284604A9062200F08BFC40213846BC
:102CF80000F072FB384600F041FB0028FAD19DF83D
:102D080014209DF815409DF8103004EB0224802211
:102D180089F800309DF81130A4B289F801309DF887
:102D2800123089F802309DF8133089F8033006EB29
:102D380008039C8073191A7582E72146284600F01B
:102D48008DFC06EB08039C8082E74FF0FF30C0E75C
:102D58006FF00D00BDE76FF00300BAE7B40A00207A
:102D6800072870B5054627D844010834204600F0E6
:102D780005FB00F00300012821D104F54076304618
:102D880000F0FCFA13281DD104F5807402212046B6
:102D980000F022FB204600F0F1FA0028FAD1304674
:102DA80000F0ECFA142801D1012004E02846FFF7CE
:102DB800F3FD6FF0030070BD4FF0FF30FBE76FF0DD
:102DC8000400F8E76FF00200F5E7042386E485E4E1
:102DD8000728F8B5054639D844010834204600F0DC
:102DE800CDFA00F00300012833D104F540763046CF
:102DF80000F0C4FA08B90120F8BD04F5807708216D
:102E0800384600F0E9FA384600F0B8FA0028FAD156
:102E18000122114B02FA05F15A8822EA01025A806E
:102E28001B882B41DA07E7D404F50074304600F01C
:102E3800A5FA0028DFD0204600F0A0FA0307F5D550
:102E48002846FFF7A9FD6FF00C00D5E74FF0FF30DB
:102E5800D2E76FF00400CFE7B40A002007282DE975
:102E6800F84F05468A46144600F29C80460108360B
:102E7800304600F083FA00F00F00012840F09580FA
:102E8800002C00F0958006F54079484600F076FA67
:102E9800172804D01C2802D06FF0060037E0464FF0
:102EA8007B882B41DA0711D506F50078404600F0FB
:102EB80065FAC30628D51021404600F08DFA012393
:102EC80003FA05F27B8823EA02037B8006F5F850B3
:102ED80000F054FA800280B24FF00108844228BF03
:102EE800044608FA05F8284600F01CFB83464846C5
:102EF80000F044FA172812D01C2810D00028CBD193
:102F08002846FFF749FDC7E7000702D40020BDE8BF
:102F1800F88F2846FFF740FD6FF00C00F7E73B8875
:102F280013EA080F27D05C45F0D8514622462846B8
:102F380000F03AFB7B882B41D9070AD506F5007AC1
:102F4800504600F01BFAC30618D51021504600F071
:102F580043FA06F580762021304600F03DFA3046E7
:102F680000F00CFA0028FAD17B88204648EA0308CA
:102F7800A7F80280CBE75C45B5D8D6E7484600F00D
:102F8800FDF9172809D01C2807D00028B8D05046CA
:102F980000F0F4F90207B3D47EE73B8813EA080F80
:102FA800CED0B3E74FF0FF30B1E76FF00400AEE7E3
:102FB8006FF00D00ABE700BFB40A002007282DE929
:102FC800F74F83468846174656D8450108352846A0
:102FD80000F0D4F900F00F06012E50D1002F51D087
:102FE80005F5F05000F0CAF906FA0BF6009005F561
:102FF800407905F5F85A584600F0B5FA04464846AF
:1030080000F0BCF9172815D01C280BD1C4B95846B4
:1030180000F088FA0190504600F0B0F90199B1EB40
:10302800802F07D15846FFF7B7FC6FF0060003B0B2
:10303800BDE8F08F164B1988314226D1002CDAD022
:10304800009B4146980280B2874228BF0746A742A4
:1030580028BF2746BFB258463A4605F5807500F0A6
:10306800D0FA4021284600F0B7F9284600F086F942
:103078000028FAD13846DAE74FF0FF30D7E76FF08B
:103088000400D4E76FF00D00D1E70020CFE700BFC0
:10309800B40A002013B504240194BDF8104000942C
:1030A800FFF79CFB02B010BD30B4BDF808409DF896
:1030B8000C50CDE9024530BCFFF790BB38E537E549
:1030C800072810B50B4614464FD81178092B4FD84E
:1030D800DFE803F0051A222B2F374E4E3F46012911
:1030E80007D1254B01FA00F01A88104318800120F7
:1030F80010BD00293CD101211F4A01FA00F01388B4
:1031080023EA00001080F2E71B4B1B8843FA00F00B
:1031180000F001002070EAE7400100F5F85008309F
:1031280000F02CF980022080E1E7400100F5F05022
:10313800F5E71F291CD8400100F5027000F04CF992
:10314800D5E7400100F5027000F018F900F01F0003
:10315800E0E71F290CD8400100F530500830EDE7B2
:10316800400100F530500830EEE74FF0FF30BFE780
:103178006FF00900BCE700BFB40A0020072870B54B
:10318800154671D80139062971D8DFE801F0040C19
:10319800111E27345F004001117800F5B050083047
:1031A80000F01AF918E04001117800F5A850F6E788
:1031B8001188400100F10804090A04F5905000F054
:1031C8000BF9297804F59850EAE7400104222946CA
:1031D80000F6084000F06CF9012018E01188400161
:1031E80000F10804090A04F5805000F0F5F8297880
:1031F80004F58850D4E7400100F10804204600F0A7
:10320800BDF800F00300012802D06FF0040070BD83
:1032180004F53C5000F0B2F860BB04F5807522213B
:10322800284600F0D9F804F50074284600F0A6F8FE
:103238000028D1D0204600F0A1F80307F5D5204694
:10324800082100F0C9F86FF00C00E0E7400100F138
:103258000804204600F092F800F00306012ED4D1AD
:10326800297804F53C509BE74FF0FF30CFE76FF02B
:103278000900CCE76FF00100C9E7072870B50446DC
:10328800164673D80E2974D8DFE801F00811181C07
:103298002B33733D4E5B5173735565004001083005
:1032A80000F06CF820F00F003070012036E040018B
:1032B80000F5B050083000F061F8F5E7400100F57E
:1032C800A850F7E74401083404F5905000F056F888
:1032D800054604F5985000F051F800EB05203080C1
:1032E800E3E740010422314600F6084000F0A6F862
:1032F800DBE74401083404F5805000F03FF8054648
:1033080004F58850E7E744010834204600F036F811
:1033180000F00305012D02D06FF0040070BD04F524
:103328003C5000F02BF8DAE700F0FCF8D7E7400152
:1033380000F54270BFE74001083000F01FF8C307EE
:1033480003D5204600F00FF9C9E70B4800EB44000D
:1033580083883380A9E74001083000F00FF801287E
:10336800DAD005482044037D33709EE74FF0FF30E4
:10337800D4E76FF00100D1E7B40A002073B5054621
:10338800144CC5F30726E368984763699847636A4E
:10339800C5F30740EDB20BB1A36A8BB9236A98470E
:1033A8003046236A98472846236A9847E36998472E
:1033B8000546A369984723699847284602B070BD17
:1033C8008DF8040003218DF805608DF8065001A8DA
:1033D8009847EBE714000020F7B50546164C0E4653
:1033E800E368984763699847A36A45F00407C5F3FB
:1033F8000740FFB2C5F3072583B9236A98472846D3
:10340800236A98473846236A98473046236A98477C
:10341800A36998472369984703B0F0BD04218DF844
:1034280004008DF805508DF806708DF807600DEBD7
:1034380001009847ECE700BF140000202DE9F34194
:1034480005461A4C0E46E36817469847636998473D
:10345800636AC5F30740C5F30728EDB20BB1A36A49
:10346800B3B9236A98474046236A98472846236A8F
:1034780098473744B74206D1A369984723699847C4
:1034880002B0BDE8F081E369984706F8010BF1E75F
:103498008DF80400032101A88DF805808DF80650E9
:1034A800984739463046636A9847E5E71400002094
:1034B8002DE9F34105461A4C0F46E36890469847B4
:1034C80063699847A36A45F00406C5F30740F6B256
:1034D800C5F30725B3B9236A98472846236A98474E
:1034E8003046236A9847B844B84506D1A369984737
:1034F8002369984702B0BDE8F081236A17F8010BE9
:103508009847F1E78DF80400032101A88DF80550CC
:103518008DF80660984741463846A36A9847E5E71C
:1035280014000020F8B500244601083606F50057B7
:1035380006F504563846FFF721FF05023046FFF727
:103548001DFFADB20544ADB24DB13846FFF716FFC9
:1035580004023046FFF712FFA4B20444A4B2AC42FE
:10356800E8D12046F8BDF8B500244601083606F52E
:10357800185706F51C563846FFF700FF0502304677
:10358800FFF7FCFEADB20544ADB24DB13846FFF7CA
:10359800F5FE04023046FFF7F1FEA4B20444A4B2DB
:1035A800AC42E8D12046F8BD2DE9F84389461446D7
:1035B8002AB385006F1CFF0007F510584046FFF737
:1035C800DDFE07F5145706463846FFF7D7FE00EB31
:1035D8000626B6B2023530022246494600EBC5003F
:1035E800FFF766FFA11940468CB2C1F30721FFF728
:1035F800F3FE3846E1B2BDE8F843FFF7EDBEBDE89B
:10360800F8832DE9F843894614462AB385006F1CD0
:10361800FF0007F520584046FFF7B0FE07F524578E
:1036280006463846FFF7AAFE00EB0626B6B2033573
:1036380030022246494600EBC500FFF7FFFEA119FC
:1036480040468CB2C1F30721FFF7C6FE3846E1B207
:10365800BDE8F843FFF7C0BEBDE8F883F8B54401FC
:10366800083404F5205738460D46FFF787FE04F561
:10367800245406462046FFF781FE291801EB06214F
:1036880038468DB2C1F30721FFF7A6FE2046E9B2FE
:10369800BDE8F840FFF7A0BE70470078704701709A
:1036A8007047012B2DE9F84328BF012304468846BB
:1036B80016461F460025DFF82090ABB2B34201DB67
:1036C800BDE8F8832046D9F81C3098473C4408F8F0
:1036D80005000135F1E700BF14000020012B2DE99A
:1036E800F84328BF01230446884616461F4600258E
:1036F800DFF81C90ABB2B34201DBBDE8F88320468B
:1037080018F80510D9F8203098473C440135F1E7FE
:103718001400002000207047704770B50446054E1D
:103728004518AC4200D170BDF369984704F8010B05
:10373800F7E700BF1400002070B50446044E451892
:10374800AC4200D170BD336A14F8010B9847F7E713
:103758001400002070477047704770477047054B4A
:1037680000B121B9044ADA60044A1A617047C3E912
:103778000301704714000020A136000861370008D3
:10378800054B00B121B9054A5A61054A9A6170474B
:10379800C3E90501704700BF140000206337000823
:1037A80065370008074B1A88D20500D4FEE700B138
:1037B80021B9054ADA61054A1A627047C3E9070167
:1037C800704700BF14000020A3360008A736000881
:1037D800074B1A88D20500D4FEE700B121B9054A83
:1037E8005A62054A9A627047C3E90901704700BFE7
:1037F80014000020AB360008E5360008074B1A888D
:10380800920500D4FEE700B121B9054ADA61054AFC
:103818001A627047C3E90701704700BF140000200F
:103828001D37000821370008074B1A88920500D475
:10383800FEE700B121B9054A5A62054A9A62704703
:10384800C3E90901704700BF1400002023370008AE
:1038580041370008074B1A8802F4017202B9FEE7E3
:1038680000B121B9044ADA61044A1A627047C3E90F
:1038780007017047140000205D3700085F37000813
:103888007FB5062204A94FF41060FFF7D7FD042284
:103898004FF480700DEB0201FFF7D0FD02A904225E
:1038A8004FF4A060FFF7CAFD042203A94FF470602B
:1038B800FFF7C4FD80210020FFF78EFD0020FFF7F1
:1038C8005DFD04A906224FF41060FFF7F1FD042204
:1038D8004FF480700DEB0201FFF7EAFD02A9042204
:1038E8004FF4A060FFF7E4FD04224FF4706003A9D1
:1038F800FFF7DEFD07B05DF804FBF8B505460C469A
:10390800FFF7BEFFBDB16E1E32460023073512F821
:10391800011F0B445BB2102B29DCAA42F7D141F6F8
:10392800087542F20807284616F8011F2035FFF7E8
:1039380053FDBD42F7D10CB90020F8BD651E2A46DB
:103948000023073412F8011F0B445BB2102B0EDC66
:103958009442F7D141F6086441F60876204615F8F6
:10396800011F2034FFF738FDB442F7D1E4E74FF0E8
:10397800FF30E2E738B500F0F001050A4FF4A8502F
:10398800FFF72AFD002445FA04F3DB0705D560019B
:103998001F2100F50270FFF71FFD0134082CF2D13A
:1039A80038BD10B54FF4A850FFF7E8FC04464FF4B3
:1039B800B850FFF7E3FC04F0F00404EB0024A0B2D5
:1039C80010BD10B50446C1B24FF4B050FFF704FD66
:1039D800210A4FF4C050BDE81040FFF7FDBC10B5F8
:1039E8004FF4B050FFF7CAFC04464FF4C050FFF73D
:1039F800C5FC04EB002080B210BD08B54FF4385068
:103A0800FFF7BCFC00F0010008BD08B54FF43850C2
:103A1800FFF7B4FC00F03800A0F1300358425841D9
:103A280008BD08B54FF43850FFF7A8FC00F07F0137
:103A38004FF43850FFF7D0FC4FF43850FFF79EFC96
:103A4800BDE8084060F07F01C9B24FF43850FFF775
:103A5800C3BC08B50378012B43780CBF4021002173
:103A6800012B09D141F038014FF43850FFF7B4FC6D
:103A7800BDE80840FFF7D5BFC2788378012A06D190
:103A8800012B0CBF41F0180141F00801ECE7012BB4
:103A980008BF41F01001E7E710B504464FF438506D
:103AA800FFF76CFCC0F38013237000F03803202B61
:103AB80001D0382B1DD101226270A3F11002D2B2BD
:103AC800102A18D8012101FA02F202F0013222F07C
:103AD800807282B1A170083BDBB2182B0ED801228C
:103AE80002FA03F303F0013323F4807333B1E27075
:103AF80010BD0022E0E70022A270ECE70023E3708B
:103B0800F6E710B504464FF43850FFF737FCC0F31A
:103B18008003E370C0F34003A37010BD10B50446E2
:103B28004FF43850FFF72AFC43061DD500F0C701B3
:103B3800012C0CBF41F0300141F038014FF43850EE
:103B4800FFF74AFCFFF76DFF4FF43850FFF716FCFC
:103B5800012C06D110F0300F0CBF4FF0FF300020C1
:103B680010BD10F0380FF7E74FF0FF30F8E70338D3
:103B780038B50C4614286BD8DFE800F00B0F191580
:103B88001D2124306A6A3C6A6A6A4C4F53575B604D
:103B98006700FFF775FE00203BE02046BDE838408F
:103BA8000831FFF7AABE0888FFF7E4FEF3E7FFF73E
:103BB800F8FE2080EFE70888FFF703FFEBE7FFF741
:103BC8000EFFF6E709884FF49850090AFFF704FC3E
:103BD8004FF4A0502178FFF7FFFBDCE74FF4985033
:103BE800FFF7CCFB05464FF4A050FFF7C7FB00EBEF
:103BF8000520DEE70020184B9A780A70DA784A70B8
:103C08001A798A705A79CA709A790A71DB79887137
:103C18004B7138BDFFF705FFBDE70846FFF719FFF1
:103C2800B9E70846FFF738FFB5E70846FFF769FF29
:103C3800B1E70878BDE83840FFF770BFFFF7E5FE49
:103C4800C0B2FF2804D02070A5E7FFF7D6FEF7E73B
:103C58004FF0FF30DDE700BF1400002010B5044628
:103C6800014606224FF41060FFF722FC04224FF4AD
:103C7800807004F10E01FFF71BFC04224FF4A060D2
:103C880004F10A01FFF714FC04224FF47060A11D2F
:103C9800FFF70EFC054BA27C1A70E27C5A70227D5D
:103CA8009A70627DDA70A27D1A7110BDD00A002068
:103CB80010B50446014606224FF41060FFF7BEFB1C
:103CC80004224FF4807004F10E01FFF7B7FB0422C1
:103CD8004FF4A06004F10A01FFF7B0FB04224FF48F
:103CE8007060A11DFFF7AAFB054B1A78A2745A78D9
:103CF800E2749A782275DA781B796275A37510BD1B
:103D0800D00A002038B530F03A0504460AD12846D2
:103D1800FFF734FB44EA0001C9B22846FFF75CFB11
:103D2800284638BD4FF0FF30FBE70020FFF726BBE1
:103D380010B5044601784FF4D850FFF74DFB618861
:103D48004FF4C850090AFFF747FBA1784FF4D05049
:103D5800BDE81040FFF740BB38B504464FF4D850D3
:103D6800FFF70CFB20704FF4C850FFF707FB054620
:103D78004FF4D050FFF702FB00EB0520608038BD00
:103D880010B50C4605281ED8DFE800F003080C1112
:103D980015190846FFF762FF002010BD0846FFF717
:103DA80087FFF9E70878BDE81040FFF7ABBFFFF7DA
:103DB800BCFF2070F0E70846FFF7BAFFECE70846BB
:103DC800FFF7CAFFE8E74FF0FF30E6E70000000022
:103DD80000230146184610B5CA5CA2F13004092C2C
:103DE80009D83038032B104403F1010318BF000130
:103DF800042BF1D110BDA2F14104052C01D83738AC
:103E0800F0E7A2F16104052C01D85738EAE7002051
:103E1800F0E72DE9F84F0A688B6880465D1CD018DA
:103E2800D35C8A46222B154440F0DD802F460023C0
:103E38004C68B91AA14280F0D680397822290ED16F
:103E4800C3F10103381ADAF8102018449047834662
:103E5800002800F0C8800446DFF894910FE05C2940
:103E680005D10137B91A8C4240F2BD8001330137C0
:103E7800DFE72B785C2B12D0013504F8013BBD42FB
:103E8800F7D30023237010230120C8E9033BDAF895
:103E98000030FB1A0133CAF80830BDE8F88F7A1BE6
:103EA800002A0DDD6B78752B0AD86D2B12D8622B82
:103EB8002AD025D82F2B28D05C2B26D0222B24D0F3
:103EC8005846DAF814309847DAF80000281ACAF881
:103ED80008008BE06E3B072BF2D801A151F823F0C4
:103EE8001D3F0008C93E0008C93E0008C93E000839
:103EF800213F0008C93E0008253F0008293F000867
:103F0800662BDDD10C2300E0082304F8013B0223D3
:103F18001D44B4E70A23F8E70D23F6E70923F4E77D
:103F2800052ACDDDA81CFFF753FFA0F55C43B3F5C8
:103F3800806F0646C4D3A0F55843B3F5806F2ED2E0
:103F4800AB1DFB1A052BBBDDAB795C2BB8D1EB792C
:103F5800752BB5D105F10800FFF73AFFA0F55C43D2
:103F6800B3F5806FACD20C2309EA8626C0F30900AA
:103F7800304300F580364FF0F00E042000F1FF3C8E
:103F88005FFA8CFCA444A445F2B224D1012814BFE2
:103F980042EA0E0202F07F0222700444B8E77F284A
:103FA8000AD9B0F5006F0CD3B0F5803F0ED3B0F549
:103FB800881F85D20623DEE706234FF0000E012076
:103FC800DCE706234FF0C00E0220D7E706234FF0A8
:103FD800E00E0320D2E702F03F0262F07F010CF806
:103FE8000119B609CFE7002D7FF46EAF002054E722
:103FF80000FC0F0010B528B1016889B1D0E9013281
:104008009A4202D310BD013282608268934203D97A
:104018008C5C202CF7D9F5E7F4D1013B8360F1E7FC
:104028000846EFE710B1806800B101B97047006831
:104038000139F9E738B5044638B1006828B1A568F0
:10404800284402F01DFD0544A56038BD70B504463E
:10405800B8B1056865B1436813B18268934210D955
:1040680000290EDBA2684E1C1644B34202D3154445
:10407800284670BD236923B9B6F1804F03D3002EBB
:104088000FDA0025F4E77600236A6BB1284631463B
:1040980098470546B0B9E36920689847C4E90055D0
:1040A800E6E76FF00046EFE73046A3699847054614
:1040B8000028F0D0A2682168013202F0A1F8E36973
:1040C80020689847A368C4E900561D44D0E7F8B5AE
:1040D8000D460446002834D0002931D08468FAB946
:1040E800194E74B3236AC3B1AB4221D005F1FF3C2A
:1040F800013B1CF8011F0F468A5D02F00302012AEA
:1041080013F8012F08BF01F12007B05C00F003008D
:10411800012808BF203297420FD02468E1E72468BD
:104128007CB1216A21B1284602F06EFB0028F6D145
:10413800236A002B08BF002403E00029D9D1F7E740
:104148000C462046F8BD00BF61C5000881B138B1F2
:1041580081420DD0836823B98160C1E90031012013
:1041680070475A68002AFAD011604A605960F6E729
:10417800002070472DE9F84F0646084611B900207F
:10418800BDE8F88F36B331464FF0000A0124424F9C
:104198000D4611F8013B3BBBAD1B5544E91CFFF72D
:1041A80055FF07460028EAD04FF0220B441C05F1C2
:1041B800010905F1020880F800B0BAF1000F29D111
:1041C8002A463146204602F01BF807F809B007F8DE
:1041D80008A007E00321FFF739FF0028CFD02F49B7
:1041E80002F0F0FB0120CBE7222B0BD8072B0CD9D0
:1041F800A3F10802D2B204FA02F23A4205D00AF157
:10420800010AC5E75C2BC3D1F9E71F2B98BF0AF158
:10421800050ABDE75C254FF0740ADFF884B0013E5B
:1042280016F8013F2BB9222207F8092007F80830B1
:10423800D8E71F2B07D9222B05D05C2B03D02046AB
:104248002370441CECE7204600F8015B32780D2A05
:104258000AD8072A1AD9A2F10803052B16D8DFE8CD
:1042680003F009120E150C10222A01D05C2A0DD178
:104278006270E6E762236370E3E76623FBE76E2379
:10428800F9E77223F7E784F801A0DAE7594602F064
:10429800FBF9601DD5E700BF370000041ED60008F3
:1042A80021D6000870B5054670B102F0E9FB074B4E
:1042B800461C30461B689847044618B132462946C2
:1042C80001F09EFF204670BD0446FBE74000002039
:1042D800F8B50D4614460746F8B1F1B1EAB1904277
:1042E8001BD08BB1D66846F40076E3689B0504D4EE
:1042F800206A10B10A4B5B68984721463846256208
:10430800E660BDE8F84021E70846FFF7CBFF054621
:1043180018B1E66826F40076E7E70020F8BD00BF8C
:1043280040000020034610B528209847044618B1DD
:104338002822002101F0DAFF204610BD10B50446FE
:10434800B0B10C4B1868FFF7EDFF88B12346024661
:1043580004F1280153F8044B8B4242F8044BF9D17D
:104368000023C268C0E9003342F480720362C2606D
:1043780010BD00BF400000202DE9F04F0C468046DC
:104388008DB008B9002561E00029FBD0057B102D10
:1043980000F0118118DC6B1E072BF3D8072BF1D81E
:1043A80001A252F823F000BF434400085D4400080E
:1043B8008D4300082D4400088D4300088D430008F4
:1043C8008D4300086D440008402D00F02281802DA7
:1043D80000F0DD80202DD5D1CB68B3F57A7FD1D21E
:1043E800866801212046FFF731FE0028CAD05B23EA
:1043F8002C274FF000080370A3680133A360E3681B
:104408000133E360002E40F0DB8002212046FFF7F5
:104418001DFE0028B6D05D2346700370E368013B9B
:10442800E36008E005212046FFF710FE0028A9D028
:10443800934902F0C7FA012508E006212046FFF754
:1044480005FE00289ED08F4902F0BCFA28460DB020
:10445800BDE8F08F05212046FFF7F8FD002891D030
:104468008949E6E70021D0E90667162206A80591E2
:1044780001F03CFF002200233046CDE902233946F3
:1044880032463B4601F066FC88B927F000494FF0F8
:10449800FF32304649467D4B01F05CFCF0B94FF0E5
:1044A800FF3230464946794B01F036FCB0B97449C1
:1044B80005A802F087FA04252046691CFFF7C6FD07
:1044C80000283FF45FAF024605AB4619B24258D107
:1044D80000234355A0682844A060ACE7D8F81450DE
:1044E800284601F045FB02460B463046394601F0A6
:1044F800FFFB48B12A46664905A802F0C5F80546FB
:10450800192D3FF63FAFD7E732463B46614905A82C
:1045180002F0BAF86049054602AA05A802F0D6F8E2
:10452800012827D1DDE902AB2BF00048434652466B
:104538004946304601F0E6FB002814BF534633468F
:1045480032465046019359463B4608BFC84601F0DB
:10455800C1F900228246514B21F000490198414699
:1045680007F0E6F802460B465046494601F0D4FBF0
:104578000028C5D132463B46494905A802F084F8CF
:10458800BDE713F8011B013202F8011C9EE7006920
:1045980000283FF4F7AE02F073FA451C294620467E
:1045A800FFF754FD00283FF4EDAE2A46D8F8101066
:1045B80001F026FE3FE700690DB0BDE8F04FD9E5F0
:1045C80021463046FFF7D8FE00283FF4DBAE2046F0
:1045D800FFF730FD3368BBB163692046002B14BF79
:1045E8004FF002094FF0010909F10101FFF72EFD13
:1045F80000283FF4C7AE077063693BB9431C83F8D2
:104608000080A3684B44A3603668FBE6831C4570B2
:10461800F5E7CB68B3F57A7FBFF4B4AE4B6985682C
:10462800002B14BF022601262046711CFFF70EFD41
:1046380000283FF4A7AE7B230370E2686369013268
:10464800E2600BB10A234370A3683A273344092672
:10465800A360636935BB002B00F08480E1680131F9
:104668002046FFF7F3FC00283FF48CAE6369002B6B
:1046780040F0828003467D221A7000225A70CDE6EF
:1046880027D600085ACC000855CC0008FFFFEF7F5A
:104698002CD600082FD6000836D600080000B03CFB
:1046A8003AD6000873B12046E168FFF7CFFC00282E
:1046B8003FF468AE0246E168131A99424FD8A368DE
:1046C8000B44A3602146286AFFF754FD00283FF4F5
:1046D80059AE2046FFF7AEFC63692046002B14BF95
:1046E8004FF002084FF001084146FFF7AFFC0028E1
:1046F8003FF448AE0770636903B14670A36821466A
:1047080043442846A360FFF737FE00283FF43AAE3B
:104718002046FFF78FFC2B686269B3F1000818BFC9
:104728004FF00108002A18BF08F10108204608F1D7
:104738000101FFF78BFC00283FF424AE2B6813B16E
:104748002C2300F8013B636913B10A2300F8013BED
:1047580000230370A3682D684344A36079E702F837
:10476800016BA8E702217BE703F8015BE268191AED
:10477800013A8A42F8D87EE703460925F6E770B57C
:10478800234D8AB00E4624220021044601A801F0D8
:10479800ADFD2B684FF4807098474FF48072034644
:1047A80006960AAE0190029295E8070006E907000E
:1047B8007BB1204601A9FFF7DFFD50B101A8FFF743
:1047C80039FCAE6803995EB101980131B0470446DF
:1047D800D0B9019CC4B120466B689847002413E007
:1047E8002B68481C984704460028F2D0039A029B7D
:1047F80001329A4228BF1A46019901F001FD039B34
:10480800E6546B680198984720460AB070BD00BF0F
:1048180040000020024BD3E900031844704700BF52
:10482800D80A0020132313B5054C0093012207234F
:104838002046044901F028FF204602B010BD00BF01
:10484800E00A002041D6000830B50E4B0E490F4A49
:1048580020B9C3E900120E4A9A6011E00568002DDC
:1048680014BF2C460C4645681C60002D14BF284612
:10487800104600258C4258609D6001D19042EAD0D4
:1048880030BD00BF40000020816100089161000830
:104898001D6500082DE9F04104460027124E0CB9A9
:1048A800BDE8F081E368D4F80080DA0503D4A06895
:1048B80078B9206998B9E36813F4007504D1206ABF
:1048C80010B1736898472562204673689847444634
:1048D800E5E7FFF7DFFFE368DB05EAD5EBE7736899
:1048E80098472761E7E700BF400000202DE9F74F10
:1048F80006460C4609B9002023E00F68002FFAD0BD
:104908008D68D1F8048005F10409C1450BD804224B
:104918008D49781902F0E2F828B90423F360C4F845
:10492800089001200DE005F1050AD0450CD30522B9
:104938008649781902F0D2F830B90120F060C4F83D
:1049480008A003B0BDE8F08FC1450CD80422804907
:10495800781902F0C3F830B902230120F3607061BE
:10496800C4F80890EDE74545C5D27B5D7A19222B3E
:1049780006D12146304603B0BDE8F04FFFF749BAEB
:104988002D2B03D0A3F13001092959D8002001218A
:10499800704D019047449742814600F101000BD0C9
:1049A80012F8013B452B24D82A2B05D92B3BDBB227
:1049B80001FA03F32B42EED12369984705460028F4
:1049C80099D04FF0000AA36821684A46194401F0BB
:1049D80017FC05F809A0284601A903F06DF8019F06
:1049E8008046BD428946D4F814B005D12846D84738
:1049F80081E7652BE0D1CEE7C6E9068950A3D3E964
:104A0800002301F093F958B16FF000437361082354
:104A1800F360A3687F1B1F442846A760D84780E738
:104A28000022404649464C4B01F076F910B14FF050
:104A38000043EBE74046494601F0A2F97061E6E71A
:104A48005B2B55D1E368B3F57A7FBFF454AF0133DC
:104A5800E3607B5D5B2B7FF44EAF01352046A5609C
:104A6800FFF7C8FAD4E90123934265D22268D25CE1
:104A78005D2A0DD100252F46E368013BE36007B1AD
:104A88007D602023C6E90273A3680133A36048E769
:104A980000252F46013BA3602069FFF743FCA84689
:104AA8000546002800F0A38007B3C8F80000C0F846
:104AB8000480A36820460133A360FFF79BFA2146D0
:104AC8002846FFF713FF002800F094802046FFF7E0
:104AD80091FAD4E90123934280F08C802268D35C58
:104AE8002C2BD9D05D2B40F08580C5E70746E0E741
:104AF8007B2B7FF400AFE368B3F57A7FBFF4FBAE9E
:104B08000133E3607B5D7B2B7FF4F5AE01352046F6
:104B1800A560FFF76FFAD4E9012393420CD222680B
:104B2800D25C7D2A1AD100252F46E368013BE36059
:104B380007B17D604023A5E7013BA360DBE600BF2A
:104B48000000C0FFFFFFDF4127D600085ACC00084D
:104B580055CC0008ED7F00040000E0C100252F4679
:104B6800A846013BA3602069FFF7DCFBA946054680
:104B780000283CD0002F38D0C9F80000C0F80490B5
:104B8800A36862680133934234D22046A360FFF7DA
:104B980031FA21462846FFF73CF958B32046FFF77B
:104BA80029FA2B69C5F810802B62D4E901239342B6
:104BB80020D22268D25C3A2A1CD101332046A36055
:104BC800FFF718FA21462846FFF790FE90B12046D5
:104BD800FFF710FAD4E9012393420BD22268D35C81
:104BE8002C2BC0D07D2B05D19FE70746C8E7002FA7
:104BF8003FF481AE3846FFF74DFE7CE670B51446AB
:104C08001D460646F8B112A3D3E9002320462946DB
:104C180001F08CF838B16FF000437361C6E90645BE
:104C28002046294670BD0022204629460A4B01F03D
:104C380073F810B14FF00043EFE72046294601F022
:104C48009FF87061EAE70024044DE9E7AFF30080BC
:104C58000000C0FFFFFFDF410000E0C10000F87F57
:104C68002DE9F04305464FF0000989B02E4F0C4658
:104C7800164600211C2201A8984601F037FBC7E917
:104C88000099002D46D0002C39D0284BCDE901548D
:104C980093E8070008AB03E90700FFF743FB044666
:104CA80068B3019870B1039B5BB9029B042B06D9CA
:104CB80003221F4901F012FF08B90323039301A837
:104CC80000E04846FFF796F901462046FFF70EFE3A
:104CD80090B1B8F1000F04D1F6B9204609B0BDE88B
:104CE800F08301A8FFF786F9DDE90223934203D296
:104CF800019AD35C002BEFD02046FFF7CBFDDDE90E
:104D080002329A420DD303B1013B0EB1EA18326068
:104D1800C7E900530024E0E7019B039A134433607A
:104D2800DBE71346F1E700BFD80A00204000002067
:104D38004AD6000870B50D461646044648B101F03B
:104D48009FFE33462A46411C2046BDE87040FFF7C7
:104D580087BF70BD00221146FFF7ECBF00231A463B
:104D6800FFF77EBF01210AE5002108E5F0B50C46F2
:104D78008BB0064617460021242201A801F0B6FA96
:104D8800002C02DA00200BB0F0BD0E4D20462B6837
:104D9800984701900028F5D095E807000023CDE951
:104DA800053703930AAB03E90700304601A90294CB
:104DB800FFF7E2FA18B96B6801989847E2E701989B
:104DC800E1E700BF40000020F0B515468BB006466D
:104DD8000C462422002101A81F4601F087FA002D65
:104DE80011DB94B10123CDE90537094BCDE9014524
:104DF80093E807000AAB03E90700304601A9FFF76B
:104E0800BBFA0BB0F0BD0020FBE72046F9E700BF76
:104E18004000002010B18368002003B970471B6868
:104E28000130FAE7002901DBFFF7FCB800207047E2
:104E38000022FFF74CB90122FFF749B908B5FFF77F
:104E4800F7FF003818BF012008BDFFF77FB900231E
:104E5800FFF73EBA0123FFF73BBA10B5044640B14D
:104E68000846FFF76BFA01462046BDE81040FFF7F9
:104E78006DB910BD70B504460D46104654B149B120
:104E8800FFF75CFA2946024600232046BDE8704039
:104E9800FFF71EBA002070BD10B598B181B18368C4
:104EA8008B4203D04A687AB10C6814600A686AB108
:104EB8004C688B42546000D182600023C1E9003302
:104EC800084610BD0146FBE71146F9E78B42F3D0CF
:104ED8004A685A60F1E7002908B5034607DBFFF77F
:104EE800A1F801461846BDE80840FFF7D5BF0020E5
:104EF80008BD08B5FFF7EFFFBDE80840FFF7CABCDB
:104F080010B50446FFF794FF01462046BDE810405F
:104F1800FFF7C2BF10B50446FFF78DFF01462046D4
:104F2800BDE81040FFF7B8BF08B5FFF7E9FFBDE8D7
:104F38000840FFF7AFBC08B5FFF7ECFFBDE8084035
:104F4800FFF7A8BC002910B5044619DBD2B1FFF75A
:104F580069F8034628B92046BDE810401146FFF716
:104F6800F5B8A1684068994200D040B1C2E9003064
:104F7800012099425A6016BF5368A2601A6010BD9A
:104F88000020FCE71046FAE738B518B3836803B386
:104F98000AB311B38A4212D00C684D681460556088
:104FA80004B162608B420CD14B688B4208BF5260DF
:104FB800826000230846C1E90033FFF76BFC01203B
:104FC80008E0506800B1026010680028F1D15A600A
:104FD800EFE7184638BD1046FCE70846FAE700290F
:104FE80008B5034607DBFFF71DF801461846BDE87C
:104FF8000840FFF7C9BF002008BD08B5034B186873
:10500800FFF790F908B10423C36008BD40000020F1
:1050180070B505460E46FFF7F0FF0023024604462A
:1050280031462846FFF754F9054618B92046FFF7D8
:1050380031FC2C46204670BD08B5044B1868FFF7B4
:1050480071F908B10223C36008BD00BF4000002009
:1050580070B505460E46FFF7EFFF002302460446EB
:1050680031462846FFF734F9054618B92046FFF7B8
:1050780011FC2C46204670BD08B5044B1868FFF794
:1050880051F908B10123C36008BD00BF40000020EA
:1050980070B505460E46FFF7EFFF002302460446AB
:1050A80031462846FFF714F9054618B92046FFF798
:1050B800F1FB2C46204670BD064B10B50446186817
:1050C800FFF730F920B1002C14BF02230123C3607D
:1050D80010BD00BF4000002070B5054610460E46C2
:1050E800FFF7EAFF00230246044631462846FFF749
:1050F800EFF8054618B92046FFF7CCFB2C462046AA
:1051080070BD174BD0B5064618680F46FFF70AF969
:10511800044670B10823C0E90667C36039460EA388
:10512800D3E90023304600F001FE20B16FF00043C0
:1051380063612046D0BD002230463946094B00F055
:10514800EBFD10B14FF00043F2E73046394600F06E
:1051580017FE6061EDE700BF0000C0FFFFFFDF4101
:10516800400000200000E0C170B505460E4610461C
:105178001946FFF7C6FF0023024604463146284673
:10518800FFF7A6F8054618B92046FFF783FB2C461B
:10519800204670BD38B50A4B05461868FFF7C2F8B7
:1051A800044658B11023C3602846FFF77BF805462C
:1051B800206118B92046FFF76DFB2C46204638BD04
:1051C8004000002070B5054610460E46FFF7E2FF86
:1051D80000230246044631462846FFF779F805467B
:1051E80018B92046FFF756FB2C46204670BD064BE3
:1051F80010B504461868FFF795F818B14FF488738E
:10520800C0E9033410BD00BF40000020054B10B5B5
:1052180004461868FFF786F818B14FF4A073C0E980
:10522800024310BD40000020054B10B50446186825
:10523800FFF778F818B14FF49073C0E9024310BD36
:105248004000002038B50A4B05461868FFF76AF891
:10525800044658B18023C3602846FFF723F8054663
:10526800206118B92046FFF715FB2C46204638BDAB
:105278004000002070B5054610460E46FFF7E2FFD5
:1052880000230246044631462846FFF721F8054622
:1052980018B92046FFF7FEFA2C46204670BD08B51F
:1052A800034B1868FFF73EF808B12023C36008BD18
:1052B8004000002070B505460E46FFF7F0FF0023BA
:1052C8000246044631462846FFF702F8054618B953
:1052D8002046FFF7DFFA2C46204670BD08B5044B80
:1052E8001868FFF71FF808B14023C36008BD00BF66
:1052F8004000002070B505460E46FFF7EFFF00237B
:105308000246044631462846FEF7E2FF054618B92C
:105318002046FFF7BFFA2C46204670BD2DE9F8431A
:10532800B1F10009804603DA00242046BDE8F8837D
:105338000028F9D0FFF7B3FF002604463746002CB3
:10534800F2D0B94504D8A368002BEED05E60ECE734
:1053580058F8270000F00CFCFFF7D3FE054618B9F3
:105368002046FFF797FADFE71FB9A0602E460137FE
:10537800E5E730604660F9E72DE9F843B1F1000947
:10538800804603DA00242046BDE8F8830028F9D0D7
:10539800FFF785FF002604463746002CF2D0B945B2
:1053A80004D8A368002BEED05E60ECE758F827001D
:1053B80000F0F0FBFFF7A5FE054618B92046FFF7F9
:1053C80069FADFE71FB9A0602E460137E5E73060CC
:1053D8004660F9E72DE9F843B1F10008064603DA1B
:1053E80000242046BDE8F8830028F9D0FFF757FFCE
:1053F80000270446B946083E002CF1D0C84504D819
:10540800A368002BEDD05F60EBE7F6E90201FFF738
:1054180078FE054618B92046FFF73CFAE0E7B9F1EF
:10542800000F04D1A0602F4609F10109E4E73860B4
:105438004760F8E72DE9F843B1F10009804603DA3F
:1054480000242046BDE8F8830028F9D0FFF727FF9D
:10545800002604463746002CF2D0B94504D8A36884
:10546800002BEED05E60ECE758F82700FFF792FEBD
:10547800054618B92046FFF70DFAE1E71FB9A06005
:105488002E460137E7E730604660F9E72DE9F84333
:105498000E461746054608B9002415E0234B186840
:1054A800FEF740FF04460028F6D0EB6823F480732B
:1054B800C3606B694361D5E90623C0E906232869FF
:1054C80028B9286A60B9A7B92046BDE8F883FEF76D
:1054D800E9FE20610028F4D12046FFF7DBF9DBE77D
:1054E800EB689B0501D4FEF7DDFE20620028EAD1B7
:1054F800F2E7AF6842F20F78002506F1010927B9F3
:10550800A368002BE0D05D60DEE74645E4D80122C1
:1055180049463846FFF7BAFF0028DDD025B1286094
:10552800456005463F68EAE7A060FAE740000020CA
:105538000A460021FFF7AABF10B518B10346027842
:105548000AB91A7010BD222A2CD00DD80D2A09D0FC
:1055580006D8A2F10901012904D903F8012B01E0B9
:10556800202AFAD10130EAE72F2AF6D142782F2AE9
:1055780009D1821C104612F8011B0029DFD00A2924
:105588001046F7D1DBE72A2AECD1821C11781046A5
:1055980001320029D3D02A29F8D111782F29F5D141
:1055A8000230CCE7194601F8012B421C14780B464F
:1055B8000CB91046C3E7222C03F8014B02F1010095
:1055C800BDD05C2C05D15478222C02BF4C70024609
:1055D800194601320131E9E718B1007BB0FA80F0D1
:1055E8004009704718B1007B431E58425841704724
:1055F80018B1007B831E58425841704720B1C068DB
:1056080010F0030018BF0120704718B1007B031F7A
:1056180058425841704720B1007BA0F10803584216
:105628005841704708B50246FFF7F5FF10B1D2E9B7
:10563800060108BD00200149FBE700BF0000F87F14
:1056480020B1007BA0F1100358425841704708B5BB
:105658000246FFF7F5FF00B1106908BD20B1007BD5
:10566800A0F1200358425841704720B1007BA0F1B7
:10567800400358425841704720B1007BA0F1800395
:105688005842584170472DE9F0470E4617460546DF
:10569800002800F0A080002900F09D80C268CC6836
:1056A800544014F0FF0440F09680D3B2202B48DC1D
:1056B80012F0FC0F06D1013B012B98BF01242046B4
:1056C800BDE8F08701204B4A191F00FA01F10A4092
:1056D800002AF4D0B54200F08A80102B37D042DC83
:1056E800042B00F08480082BE9D1D5E90685D6E99A
:1056F800069625F0004426F0004A21464A465346BD
:10570800404600F01DFB334600284A4629464046DD
:1057180012BF47464F46544600F0DCF800220646C2
:10572800354B21F000453846214606F001F802467F
:105738000B463046294600F0EFFA041E18BF012434
:10574800BDE7402B49D0802BB9D188424FD028697A
:105758000028B4D031690029B1D001F055F8B0FA69
:1057680080F46409ABE7202BA9D1D5F80880B56887
:10577800B8F1000F0BD0002DA1D03A46294640467B
:10578800FFF781FF38B3D8F800802D68F0E7B5FA45
:1057980085F4E6E7D8F820103A463046FEF797FC3D
:1057A800014600288BD03A464046FFF76CFF90B17F
:1057B800D8F8008015E0316A3A462846FEF787FC9B
:1057C800014600283FF47BAF3A463046FFF75BFFBF
:1057D80008B1366809E0002471E7884207D0D5F897
:1057E8000880B8F1000FD5D1B668002EE3D10124A6
:1057F80065E700BF111000100000B03C014B1B68AA
:10580800184700BF40000020014B5B68184700BFE5
:1058180040000020F8B50D46044610B9002528467A
:10582800F8BDC36803F48873102BF7D10769002FFC
:10583800F4D00029F2D0084601F022F9064638468D
:1058480001F01EF986420BD82E44B74202D83844DC
:105858008542E3D92946384601F0B4F82569DEE7E0
:105868002846FEF71FFD05460028D7D0206908B155
:10587800FFF7CAFF2561D2E7F8B506460D461F4671
:105888001446E2B1D9B1D3689B0503D4106A08B1B4
:10589800FFF7BAFF2846FEF705FD206278B1E368F6
:1058A8003A4623F4007329463046E360FEF70FFCBE
:1058B800224601463046BDE8F840FFF765BB0020A8
:1058C800F8BD0023D8E70123D6E700BF81F00041E7
:1058D80002E000BF83F0004330B54FEA41044FEACD
:1058E800430594EA050F08BF90EA020F1FBF54EA68
:1058F800000C55EA020C7FEA645C7FEA655C00F004
:10590800E2804FEA5454D4EB5555B8BF6D420CDDD4
:105918002C4480EA020281EA030382EA000083EA57
:10592800010180EA020281EA0303362D88BF30BDF7
:1059380011F0004F4FEA01314FF4801C4CEA11314D
:1059480002D0404261EB410113F0004F4FEA0333AC
:105958004CEA133302D0524263EB430394EA050F37
:1059680000F0A780A4F10104D5F1200E0DDB02FAA6
:105978000EFC22FA05F2801841F1000103FA0EF23A
:10598800801843FA05F359410EE0A5F120050EF100
:10599800200E012A03FA0EFC28BF4CF0020C43FA31
:1059A80005F3C01851EBE37101F0004507D54FF03E
:1059B800000EDCF1000C7EEB00006EEB0101B1F58E
:1059C800801F1BD3B1F5001F0CD349085FEA3000D4
:1059D8004FEA3C0C04F101044FEA445212F5800FDF
:1059E80080F09A80BCF1004F08BF5FEA500C50F17C
:1059F800000041EB045141EA050130BD5FEA4C0C5F
:105A0800404141EB0101013C28BFB1F5801FE9D2BB
:105A180091F0000F04BF01460020B1FA81F308BFDE
:105A28002033A3F10B03B3F120020CDA0C3208DDAA
:105A380002F1140CC2F10C0201FA0CF021FA02F185
:105A48000CE002F11402D8BFC2F1200C01FA02F1F5
:105A580020FA0CFCDCBF41EA0C019040E41AA2BF1A
:105A680001EB0451294330BD6FEA04041F3C1CDAE2
:105A78000C340EDC04F11404C4F1200220FA04F002
:105A880001FA02F340EA030021FA04F345EA0301AC
:105A980030BDC4F10C04C4F1200220FA02F001FA6E
:105AA80004F340EA0300294630BD21FA04F02946F0
:105AB80030BD94F0000F83F4801306BF81F4801189
:105AC8000134013D4EE77FEA645C18BF7FEA655CFC
:105AD80029D094EA050F08BF90EA020F05D054EACE
:105AE800000C04BF1946104630BD91EA030F1EBFD3
:105AF8000021002030BD5FEA545C05D140004941D7
:105B080028BF41F0004130BD14F580043CBF01F5C9
:105B1800801130BD01F0004545F0FE4141F47001AF
:105B28004FF0000030BD7FEA645C1ABF194610468A
:105B38007FEA655C1CBF0B46024650EA013406BF8B
:105B480052EA033591EA030F41F4002130BD00BF4A
:105B580090F0000F04BF0021704730B54FF4806407
:105B680004F132044FF000054FF0000150E700BF88
:105B780090F0000F04BF0021704730B54FF48064E7
:105B880004F1320410F0004548BF40424FF00001D4
:105B98003EE700BF42004FEAE2014FEA31014FEA17
:105BA80002701FBF12F07F4393F07F4F81F0605166
:105BB800704732F07F4208BF704793F07F4F04BFB1
:105BC80041F40021704730B54FF4607401F000458E
:105BD80021F000411CE700BF50EA010208BF7047EE
:105BE80030B54FF000050AE050EA010208BF7047DF
:105BF80030B511F0004502D5404261EB41014FF448
:105C0800806404F132045FEA915C3FF4D8AE4FF04F
:105C180003025FEADC0C18BF03325FEADC0C18BF32
:105C2800033202EBDC02C2F1200300FA03FC20FA83
:105C380002F001FA03FE40EA0E0021FA02F11444D0
:105C4800BDE600BF4FF0FF3C06E000BF4FF0010C7F
:105C580002E000BF4FF0010C4DF804CD4FEA410CB3
:105C68007FEA6C5C4FEA430C18BF7FEA6C5C1BD080
:105C780001B050EA410C0CBF52EA430C91EA030F01
:105C880002BF90EA020F0020704710F1000F91EA5E
:105C9800030F58BF994208BF90422CBFD8176FEA2C
:105CA800E37040F0010070474FEA410C7FEA6C5CFA
:105CB80002D150EA013C07D14FEA430C7FEA6C5C01
:105CC800D6D152EA033CD3D05DF8040B704700BF2D
:105CD8008446104662468C461946634600E000BF7B
:105CE80001B5FFF7B7FF002848BF10F1000F01BD4D
:105CF8004DF808EDFFF7F4FF0CBF012000205DF818
:105D080008FB00BF4DF808EDFFF7EAFF34BF01209C
:105D180000205DF808FB00BF4DF808EDFFF7E0FF35
:105D280094BF012000205DF808FB00BF4DF808ED86
:105D3800FFF7CEFF94BF012000205DF808FB00BFED
:105D48004DF808EDFFF7C4FF34BF012000205DF8CF
:105D580008FB00BF4FEA410C7FEA6C5C02D150EAB5
:105D6800013C0AD14FEA430C7FEA6C5C02D152EA4B
:105D7800033C02D14FF0000070474FF0010070471C
:105D88004FEA410212F5001215D211D56FF478735B
:105D9800B3EB625212D94FEAC12343F0004343EAFE
:105DA800505311F0004F23FA02F018BF40427047D9
:105DB8004FF00000704750EA013005D111F0004063
:105DC80008BF6FF0004070474FF00000704700BFF9
:105DD8007BB972B90029BEBF00204FF0004106E030
:105DE80008BF00281CBF6FF000414FF0FF3000F0E3
:105DF800C1B9ADF1080C6DE904CE002909DB002B0F
:105E08001ADB00F04DF8DDF804E0DDE9022304B008
:105E18007047404261EB4101002B1BDB00F040F86A
:105E2800DDF804E0DDE9022304B0404261EB410102
:105E3800524263EB43037047524263EB430300F063
:105E48002FF8DDF804E0DDE9022304B0404261EBFD
:105E580041017047524263EB430300F021F8DDF83B
:105E680004E0DDE9022304B0524263EB43037047C8
:105E780053B94AB9002908BF00281CBF4FF0FF31A9
:105E88004FF0FF3000F076B9ADF1080C6DE904CEA3
:105E980000F006F8DDF804E0DDE9022304B07047FD
:105EA8002DE9F047089E0D4604468846002B4DD143
:105EB8008A42944668D9B2FA82F252B101FA02F3E0
:105EC800C2F1200120FA01F10CFA02FC41EA0308B0
:105ED80094404FEA1C41B8FBF1F71FFA8CFE01FB16
:105EE800178807FB0EF0230C43EA084398420AD9A7
:105EF8001CEB030307F1FF3580F01E81984240F246
:105F08001B81023F63441B1AB3FBF1F001FB103302
:105F180000FB0EFEA4B244EA0344A6450AD91CEBD2
:105F2800040400F1FF3380F00981A64540F20681A0
:105F3800644402380021A4EB0E0440EA07401EB175
:105F48000023D440C6E90043BDE8F0878B4208D956
:105F5800002E00F0EE800021C6E900050846BDE8E5
:105F6800F087B3FA83F100294AD1AB4202D38242C7
:105F780000F2FC80841A65EB030301209846002E8A
:105F8800E2D0C6E90048DFE702B9FFDEB2FA82F2E2
:105F9800002A40F09180A1EB0C0001214FEA1C4738
:105FA8001FFA8CFEB0FBF7F307FB1300250C45EA3C
:105FB80000450EFB03F0A84208D91CEB050503F1C8
:105FC800FF3802D2A84200F2CE8043462D1AB5FB14
:105FD800F7F007FB10550EFB00FEA4B244EA054497
:105FE800A64508D91CEB040400F1FF3502D2A645EA
:105FF80000F2B6802846A4EB0E0440EA03409EE770
:10600800C1F120078B4022FA07FC4CEA030C25FA61
:1060180007FA4FEA1C49BAFBF9F820FA07F309FB1B
:1060280018AA8D401FFA8CFE1D4300FA01F308FBE5
:106038000EF02C0C44EA0A44A04202FA01F20BD9F1
:106048001CEB040408F1FF3A80F08880A04240F27B
:106058008580A8F102086444241AB4FBF9F009FB0E
:10606800104400FB0EFEADB245EA0444A64508D92B
:106078001CEB040400F1FF356CD2A6456AD902383E
:10608800644440EA0840A0FB0295A4EB0E04AC422D
:10609800C846AE4656D353D0002E69D0B3EB08029B
:1060A80064EB0E0422FA01F304FA07F71F43CC400D
:1060B800C6E90074002147E70CFA02FCC2F120018E
:1060C80025FA01F34FEA1C4720FA01F195400D43E8
:1060D800B3FBF7F107FB11331FFA8CFE280C40EADB
:1060E800034001FB0EF3834204FA02F408D91CEBC7
:1060F800000001F1FF382FD283422DD902396044C4
:10610800C01AB0FBF7F307FB1300ADB245EA004530
:1061180003FB0EF0A84208D91CEB050503F1FF3874
:1061280016D2A84214D9023B6544281A43EA014111
:1061380038E73146304607E72F46E4E61846F9E6E1
:106148004B45A9D2B9EB020865EB0C0E0138A3E761
:106158004346EAE7284694E74146D1E7D0467BE73D
:106168006444023847E7023B65442FE7084606E7E0
:106178003146E9E6704700BF024B0146186800F057
:106188006DB900BF4C000020024B0146186800F0B2
:10619800FFB800BF4C000020032A10B516D940EA0A
:1061A800010C1CF0030F04460B4622D11946204669
:1061B800D1F800E0D0F800C00433F44504F1040439
:1061C80017D1043A032A20461946EFD8541EA2B123
:1061D80000F1FF3C013901E0C3180CD01CF801EFB5
:1061E80011F8012FA4EB0C039645F5D0AEEB020095
:1061F80010BD541EECE7184610BD104610BD00BF78
:10620800844641EA000313F0030349D1403A23D3FB
:106218000B6803604B6843608B688360CB68C3601E
:106228000B6903614B6943618B698361CB69C36106
:106238000B6A03624B6A43628B6A8362CB6AC362EE
:106248000B6B03634B6B43638B6B8363CB6BC363D6
:1062580040304031403ADBD230320BD30B68036018
:106268004B6843608B688360CB68C3601030103123
:10627800103AF3D20C3205D351F8043B40F8043BF2
:10628800043AF9D2043208D0D2071CBF11F8013BF6
:1062980000F8013B01D30B8803806046704700BFBC
:1062A800082A13D38B07B1D010F00303AED0C3F183
:1062B8000403D21ADB071CBF11F8013B00F8013BAD
:1062C800A4D331F8023B20F8023B9FE7043AD9D324
:1062D800013A11F8013B00F8013BF9D20B78037041
:1062E8004B7843708B78837060467047830730B56E
:1062F80048D0541E002A3FD00346CAB201E0013CF0
:106308003AD303F8012B9D07F9D1032C2DD9CDB22F
:1063180045EA05250F2C45EA054536D9A4F11002B2
:1063280022F00F0C03F1200EE6444FEA121C03F191
:10633800100242E9045542E9025510327245F8D17B
:106348000CF1010214F00C0F03EB021204F00F0C15
:1063580013D0ACF1040323F003030433134442F8CD
:10636800045B9342FBD10CF003042CB1CAB21C4469
:1063780003F8012B9C42FBD130BD64461346002C28
:10638800F4D1F9E703461446BFE71A46A446E0E706
:10639800002952D038B551F8043C0C1F002BB8BF67
:1063A800E418054602F0FCFD2B4A1368002B45D083
:1063B800A3420CD921686018834228D0636028461C
:1063C8001460BDE8384002F0EDBDA3420FD81A466C
:1063D8005B68002BF9D11168501884421DD034D362
:1063E800636054602846BDE8384002F0DBBD1168A0
:1063F8005018A04215D028D8216860188342EFD1E0
:1064080018685B680144C4E900135460EAE7186837
:106418005B680144C4E90013D1E72368194411609B
:10642800E0E720680144501883421160DAD1D3E9CB
:1064380000030144C2E90013D4E7704728466360AB
:106448001460BDE8384002F0ADBD0C2328462B602F
:10645800BDE8384002F0A6BDF00A0020F8B5CD1C12
:1064680025F0030508350C2D38BF0C25002D0646F0
:1064780023DBA94221D8264F02F092FD3A6822B3C5
:10648800144603E063682246FBB11C4623685B1B85
:10649800F8D40B2B15D8636894420CBF3B6053604B
:1064A800304602F07FFD04F10B00231D20F00700A9
:1064B800C21A01D01B1AA350F8BD0C230020336068
:1064C800F8BD23601C442560EAE77968D1B1294604
:1064D800304600F029F8431C01460CD0C41C24F0B7
:1064E8000304A04205D03046611A00F01DF80130BF
:1064F80001D02560D4E70C233046336002F052FD0A
:106508000020F8BD304600F00FF87860DFE700BFE4
:10651800F00A002003460A4602490868194603F0B3
:10652800AFBA00BF4C000020002238B5064D044623
:1065380008462A6005F07AFC431C00D038BD2B6859
:10654800002BFBD0236038BDF80A002008B410B532
:10655800002A04469DB031DB4FF402734FF6FF7CEE
:10656800ADF814300291069120AB15D0013A04928F
:10657800079202A91F9A0193ADF816C003F088FB91
:10658800421C01DA8B2323600022029B1A701DB083
:10659800BDE8104001B070470492079202A91F9A03
:1065A8000193ADF816C003F073FB431C01DA8B238B
:1065B80023601DB0BDE8104001B070478B234FF039
:1065C800FF302360F5E700BF0CB410B51E4B00295F
:1065D8001C689CB033DB4FF402734FF6FF7CADF8B8
:1065E8001430029006901FAB16D001391E9A049100
:1065F8000791204602A90193ADF816C003F048FBA5
:10660800421C01DA8B2323600022029B1A701CB003
:10661800BDE8104002B070470491079120461E9AC9
:1066280002A90193ADF816C003F032FB431C01DA4E
:106638008B2323601CB0BDE8104002B070478B2349
:106648004FF0FF302360F5E74C0000200CB430B564
:106658000C466FF000459DB00A4A20AB059253F8EE
:10666800042B02A9CDE9013407950495069403F09B
:106678000FFB0022029B1A701DB0BDE8304002B02B
:10668800704700BF0802FFFF0EB430B504466FF034
:1066980000459CB00B4A1FAB0B49059253F8042BDD
:1066A800086802A9CDE9013407950495069403F01A
:1066B800EFFA0022029B1A701CB0BDE8304003B00C
:1066C800704700BF0802FFFF4C0000200EB44FF4D3
:1066D8000172F0B59CB021AD55F8047BADF81420DB
:1066E8000290069000F0CCF9002604464FF6FF7C95
:1066F8000A4B0B490B933A462B46086802A90195A9
:106708000F961496ADF816C00394079403F038FC5E
:106718001CB0BDE8F04003B0704700BFA567000893
:106728004C0000200CB44FF40173F0B59DB022ADBD
:106738000646084655F8047BADF8143002910691D8
:1067480000F09EF9002104462B4601954FF6FF758F
:106758000F91149107493A460B91304602A9ADF8BA
:1067680016500394079403F00BFC1DB0BDE8F040ED
:1067780002B07047A567000810B50C46B1F90E10B5
:1067880004F092FA002803DB636D0344636510BDCF
:10679800A38923F48053A38110BD00BF0020704754
:1067A8002DE9F0410C46B1F90C101F46CB05054602
:1067B80016460BD421F48051A1813B463246284627
:1067C800B4F90E10BDE8F04101F008BCB4F90E10A0
:1067D8000223002202F020FBB4F90C10EAE700BF04
:1067E80010B50C46B1F90E1002F016FBA389421C35
:1067F8000EBF23F4805343F480536065A38110BD1A
:10680800B1F90E1001F082BC80EA010C1CF0030FF4
:1068180037D110F0030C20F0030021F0030150F8E9
:10682800042B08BF51F8043B0ED08CF0030C6FF01A
:106838007F434FEACC0C23FA0CFC51F8043B42EAA4
:106848000C0243EA0C0300BFA2F1013C9A4201BFCB
:106858002CEA020C1CF0803F50F8042B51F8043B42
:10686800F2D04FEA02604FEA1222012828BFB0EBAB
:10687800036F08BF1B0AF4D003F0FF03000EC01A11
:10688800704710F0030F0AD010F8012B11F8013BE4
:10689800012A28BF9A42F4D0A2EB030070474DF8B2
:1068A800045D50F8042B01F0030521F0030151F8B1
:1068B800043B022D26D04DD822F07F45B5EB132F8F
:1068C800A2F1013C2CEA020C0DD11CF0803C08BF5F
:1068D80051F8043B0AD185EA0205B5EB036F0CD1E8
:1068E80050F8042BE8E74FEA13235BE03CF07F4CB9
:1068F80054D10B784FEA126554E04FEA126503F061
:10690800FF034FE04FEA0245A2F1013C4FEA15456B
:106918002CEA020CB5EB134F18D11CF0803C08BFD1
:1069280051F8043B07D185EA0205B5EB034F09D1BD
:1069380050F8042BE6E75FEA0C4C2FD10B884FEA9E
:1069480012452FE04FEA03434FEA12454FEA13433B
:1069580028E000BF02F0FF05B5EB136FA2F1013C80
:106968002CEA020C0DD11CF0803C08BF51F8043B06
:106978000AD185EA0205B5EB032F0AD150F8042B9A
:10698800E8E74FEA13630DE012F0FF0F06D051F865
:10699800043B4FEA122523F07F4303E04FF0000049
:1069A80020BC704705F0FF0203F0FF00012828BF54
:1069B800904204BF2D0A1B0AF4D0A2EB000020BCB1
:1069C800704700BF80EA0102844612F0030F4FD1DE
:1069D80011F0030F32D14DF8044D11F0040F51F8A6
:1069E800043B0BD0A3F101329A4312F0803F04BF5D
:1069F8004CF8043B51F8043B16D100BF51F8044B46
:106A0800A3F101329A4312F0803FA4F101320BD175
:106A18004CF8043BA24312F0803F04BF51F8043BFA
:106A28004CF8044BEAD023460CF8013B13F0FF0F57
:106A38004FEA3323F8D15DF8044B704711F0010F8A
:106A480006D011F8012B0CF8012B002A08BF70475B
:106A580011F0020FBFD031F8022B12F0FF0F16BF52
:106A68002CF8022B8CF8002012F47F4FB3D170471A
:106A780011F8012B0CF8012B002AF9D1704700BF3F
:106A880020F0030110F00300C0F1000051F8043BAE
:106A980000F1040C4FEACC0C6FF000021CBF22FA84
:106AA8000CF213434FF0010C4CEA0C2C4CEA0C4C42
:106AB800A3EB0C0222EA030212EACC1204BF51F83B
:106AC800043B0430F4D0C2F1000102EA0102B2FA38
:106AD80082F2C2F11F0200EBD2007047A2B330B5B8
:106AE80040EA0104A40786460B462AD004780B78AE
:106AF800A3422FD1012A0CD0844654B11CF8014F6F
:106B080011F8013F9C4225D16FEA0C031344C318C6
:106B1800F3D1002030BD1946DEF800407046A4F1DC
:106B2800013323EA040C0B4653F8045B0EF1040E00
:106B3800AC420BD1043AECD01CF0803FE9D170464E
:106B48001946032AE7D8D1E71046704704780B782E
:106B58009C42D1D0E01A30BD2DE9F04F0025824685
:106B68009748A1B00068884607921C4608901C9573
:106B7800FFF786FF0021834600204246CDE9040145
:106B8800CDF86C80174612F8013B2D2B2FD8DFE883
:106B980013F0A0002E002E002E002E002E002E0036
:106BA8002E002E00AD00AD00AD00AD00AD002E00F2
:106BB8002E002E002E002E002E002E002E002E005D
:106BC8002E002E002E002E002E002E002E002E004D
:106BD8002E00AD002E002E002E002E002E002E00BE
:106BE8002E002E002E002E0002042E00F803002294
:106BF8000992302B7CD000220B922F2B1C4640F29E
:106C080029854FF0000938464E464D4612E00130BE
:106C1800082D1B90C8BF09EB89090478C6BF03EB90
:106C28004903A3F13009A2F130062F2C234605F1C0
:106C380001056EDD06EB8602392C03EB4202E6DD28
:106C48005A460899FFF74AFF002835D11B9B1A4678
:106C58005B441B9312F80B40002D40F0A885302CA4
:106C680040F06085C3F10102981801331B931C782A
:106C7800302CF9D0A4F13103082B00F23583A4F1AC
:106C8800300E1B9C00230125274600F1010B0A93B7
:106C9800002006EB86060EEB4606631C1B93647801
:106CA800A4F13001092900F2E9828E460130002959
:106CB80040F0AF841B9CF0E70020652C8346844697
:106CC8000A9501D0452C30D1002D7ED10B9B034372
:106CD8007AD14FF0000B079BD94613B1079BC3F835
:106CE80000805846494621B0BDE8F08F1B9249E71D
:106CF8007B7803F0DF03582B00F06D8401371B9776
:106D08003B78302BFAD0002B00F0CE8001220B927A
:106D180073E75A460899FFF7E1FE002800F0D7808C
:106D28000A954FF0000B5846DC4600230C93002DC3
:106D380000F096800A9A30461346002A08BF2B4670
:106D48000A93FEF705FF02460B46DDF830C0102D0A
:106D58002C46ACEB0B0CA8BF1024092DCDE904235D
:106D6800CDF82CC014DD174B03EBC40353E91223F1
:106D780004F0DEFC0246484690468946FEF7E8FEE7
:106D880002460B4640464946FEF7A6FDCDE90401FA
:106D98000F2D00F3A5800B9B002B00F00F840B9B9D
:106DA80040F38A83162B40F3F4840B9AC5F125032C
:106DB800934280F207850B9B2C1B1C4496E000BF76
:106DC80018C8000838C800080025DDF86C8008F1EC
:106DD80001031B9398F801402B2C00F082822D2C84
:106DE80000F01B824FF0000EA4F13003092B00F2D3
:106DF8000F82302C05D11B9B01331B931C78302C40
:106E0800FAD0A4F13103082B8FD81B9AA4F13001D2
:106E1800531C1B93547808922F2C09DC00F029BCD2
:106E28001C4601331B936478A2F130012F2C05DD39
:106E380001EB8102392C04EB4202F1DD089A9B1A1E
:106E4800082B40F3168444F61F630C93BEF1000F21
:106E58003FF46DAF0C9B5B420C93002D7FF46AAF3F
:106E68000B9B034320D1BCF1000F7FF432AF692C98
:106E780000F01B8400F33983492C00F016844E2C53
:106E88007FF427AFAA491BA801F0D6FE00283FF4DB
:106E980020AF1B9B1B78282B00F07385A54803F0B7
:106EA80019FF8346894602E04FF0000BD946079A3E
:106EB8000AB11B9B1360099B002B3FF412AF09F129
:106EC800004399465846494621B0BDE8F08F1B9BC0
:106ED8000A9503EB0B021B9213F80B408346DFE67F
:106EE8000B9B2C1B1C44002C40F3048314F00F0054
:106EF8000AD0DDE90423904901EBC001D1E9000182
:106F080004F016FCCDE9040134F00F0340F086824A
:106F1800002308932B46394650460A9A009602F0F9
:106F2800F5F81390002800F04E830C9BABEB03019F
:106F38000B9B002BB4BF0A4600220E9200229346F8
:106F4800904623EAE3731293139C5046616802F05B
:106F58002BF80746002800F04081226904F10C0153
:106F6800023292000C30FFF74BF9DDE904010C46C0
:106F780011911EA901911DA902460A902346504667
:106F8800009102F061FC1C90002800F0168101219C
:106F9800504602F061F98046002800F01E811D9BD2
:106FA800002BC0F20D810E9A129D9E18089A1E9C05
:106FB8009B1A2344614A013B9342C4F1360480F290
:106FC800AE80D21A1F2A4FF00109A4EB020400F385
:106FD8001981002309FA02F90C93089B25443444CB
:106FE800A6421D443346A8BF2346AB42A8BF2B4642
:106FF800002B02DDE41AED1AF61A0E9B002B00F3A3
:10700800BC80002C00F3D0800B9B002B00F3DC80AD
:10701800002D00F3ED80002E08DD41463246504633
:1070280002F04EFA8046002800F0D7803A465046D3
:107038001C9902F0D9FA8346002800F0CE80002679
:10704800C3684146C6600F9302F0AEFAB042C0F280
:10705800678400F0CE834146584602F057FC002270
:107068004FF0804304460D46FEF756FE00286DD0CB
:107078000F9B002B00F0DD8000223546059B304C2D
:1070880010932F4BCDE90C232E4E109A2E4B02EA6B
:107098000609994500F0F880089B93B1B9F1D46FBF
:1070A8000FD821A3D3E9002328462146FEF734FE52
:1070B800002840F084810D9B03F1D663A3EB0903FC
:1070C8000D93119E0A983146DDE90C23CDE904237E
:1070D80002F030FB02460B46DDE9040104F028FB10
:1070E80033460A9AFEF7F8FB0E46CDE90401089BE1
:1070F80023B9144B3340994500F0FF8050461C9942
:1071080001F092FF3946504601F08EFF4146504645
:1071180001F08AFF5946504601F086FF14E7002324
:107128004FF001090C9358E70000C0FFFFFFDF4153
:107138005CD6000874D7000838C8000802FCFFFFB6
:107148000000F03F0000F07F0000E07F2046294665
:107158000022AB4B04F0ECFA0F9B024605460C46A6
:10716800002B62D101F1004314901593059B1093F5
:10717800DDE91423CDE90C2386E741461A4650463B
:1071880002F02EF9804640B301461C9A504602F0A0
:1071980079F810B30F901C99504601F045FF0F9BEA
:1071A800002C1C937FF730AF224650461C9902F002
:1071B80087F91C9000287FF427AF5E460B970FE0F5
:1071C800129A0E9ED51AF1E639465046129A02F0E6
:1071D80007F9074600287FF41BAF5E460B971C98FB
:1071E80022234FF0000BDFF81C92CAF80030B3E0FE
:1071F80039462A46504602F063F9074600287FF4CC
:107208000AAFEAE7804AD31A09FA03F30C93E4E6D3
:107218000023CDF86C800C9389E54FF0010E08F13E
:1072280002031B9398F80240DEE50B46CDE91423D0
:107238009CE7DDE90412002940F0B080C2F3130393
:107248001092002B40F0B0800022204629466F4B58
:10725800FEF758FD002840F0AE8220462946684BCC
:10726800002204F065FA05460C4601F10043189027
:107278001993DDE91823CDE90C2305E7652C4FF0B8
:10728800010C3FF4A2AD1DE5A2F154730593DDE9AD
:107298000423DDE90C01CDE9040110461946CDE9C6
:1072A8000C2302F047FA02460B46DDE9040104F01C
:1072B8003FFADDE90C23FEF70FFB554A0B46CDE9F3
:1072C80004013140914276D9119A524B9A4202D127
:1072D8000A9B013381D04FF0FF334E4ACDE9043287
:1072E8000CE74FF0000E9AE7652C00F0F780452C6C
:1072F80000F0F4804FF0010CB2E52846214604F076
:1073080025FDFEF771FC0B46024621462846FEF78E
:10731800E1FA0F9C049DC6F3130644EA050C5CEAE7
:10732800060304460D4600F0BE8031A3D3E90023CE
:10733800FEF7E8FC48B930A3D3E9002320462946E4
:10734800FEF7FEFC00283FF4D9AEDDE904345E46C2
:10735800A1469B461C980B970146504601F064FED7
:1073680050460B9901F060FE4146504601F05CFE24
:107378005046139901F058FE3146504601F054FE2C
:1073880095E5012309937A1C1B927B78002B3FF427
:10739800A0AC17462DE400230993F4E7DDE90412B5
:1073A800012900F06E81109200221B4B0025CDE9C7
:1073B8000C23164C68E603F15476059697E62146A9
:1073C800284604F0C7FB012838BF0120FEF7C0FBA0
:1073D8000F9B024605460C46002B40F0628101F1E6
:1073E800004316901793DDE91623CDE90C2362E6D6
:1073F8009535A094FFFFDF3F35E5AF350000E03F4E
:107408000000E03F0000F07FE2FBFFFF0000F03FDC
:10741800FFFF9F7CFFFFEF7F0000F0BFB3F59A7F6F
:1074280000F3D180102B4FEA231440F3C082DDE92A
:1074380004010023AC4A99469046089214F0010FC3
:1074480009F101094FEA640404D0D8E9002304F0E3
:107458006FF90123012C08F10808EFD10BB1CDE930
:107468000401089B03EBC909059BD9E90001A3F1B5
:1074780054730593DDE9042304F05AF99B4B9C4AA5
:107488000B409342CDE9040100F29D80A2F58012E1
:10749800934240F222824FF0FF339649CDE90431FE
:1074A8000023089336E58EA3D3E90023FEF72AFCD0
:1074B80000283FF423AE48E71633FFF611ADDDE9A7
:1074C80004010C9BABEB030A8B4B03EBCA03D3E918
:1074D800002304F057FA83468946E8E400234FF076
:1074E800010C9B460A93FFF7F1BB6E2C3FF4CAAC24
:1074F800FFF7EFBB3FF40CAD644214F00F020AD063
:10750800DDE904017C4B03EBC203D3E9002304F05B
:1075180039FACDE9040124113FF4FAAC1F2C35DC0B
:10752800DDE9040114F0100318BF6A23089300234F
:10753800DFF8C881E20704D5D8E9002304F0F8F899
:107548000123641008F10808F4D10BB1CDE9040156
:10755800089B93B1DDE90401C1F30A52C2F16B0340
:10756800002B0ADD1F2B40F34C820020342B0490A3
:1075780040F352824FF05C7305930022DDE9040169
:107588000023FEF7B5FB00283FF4C4AC22234FF0DC
:10759800000BCAF80030D94689E41E9B04931D9B52
:1075A80003F233421F9B23F4801343EA02530593EB
:1075B800200742BF059B43F000430593DDE90434EF
:1075C8009B46A14673E422234FF0000BDFF81C9181
:1075D800CAF800306BE4099B029401931CAB00933A
:1075E8005046474A1DAB1BA901F044F810F00705A7
:1075F80004463FF459AC062D40F097804FF0000B3D
:10760800079BD9460137002B3FF46BAB1F60FFF790
:1076180068BB6B1C01281A461B9C834415D0284460
:1076280000F1FF3C03E046009C450DD001332A469B
:10763800082A1D4606EB8600F5D9102BDCBF09EB9E
:1076480089094FEA4909EFE70232082D5EDC154641
:10765800FFF71EBB5A4638460899FFF73FFA00283D
:1076680000F08D8000231D4699461E460A93FFF7B9
:1076780058BB44F61F639942A8BF19460C91FFF7FF
:10768800E5BBDDE904341094002C7FF48DAE5E4632
:107698000B9722234FF0000B1C98D946CAF80030EC
:1076A8005AE60B46CDE916239DE616491BA801F0BC
:1076B800C3FA00283FF40DAB1B9B1349013B1BA8E1
:1076C8001B9301F0B9FA10B91B9B01331B934FF0C0
:1076D800000BDFF81890FFF7EABB00BFAFF300809C
:1076E8009535A094FFFFCF3F28C900080000F07F20
:1076F8000000A07CFFFFEF7F38C8000890C6000894
:1077080068C6000850D6000854D60008102AD8BF0A
:1077180009EB890915464FF00000D8BF01EB49096C
:10772800FFF7BBBA0020FFF7A5BA1C9A3AB135217A
:107738001EA802F037F950461C9901F075FC013D6E
:10774800042D3FF635AF01A353F825F0A3750008C3
:107758007D7700087777000869770008A375000827
:107768004FF0FF336FF00045CDE9043520E7AF4B0C
:1077780005931DE71E9B04931F9B059318E71B9B0E
:1077880006461A465B441B93814612F80B40FFF7E6
:1077980066BA0B98A649DDE9042301EBC001D1E9DB
:1077A800000103F0C5FF83468946FFF780BB834687
:1077B8000A95FFF775BA00229E4B0F9DCDE9182355
:1077C8009D4C56E59A4CC5F10F0504EBC501DDE962
:1077D8000423D1E9000103F0ABFF0B9B5D1B04EB15
:1077E800C504D4E9002303F0A3FF83468946FFF7C5
:1077F8005EBB0F9B5E46CC460B97DDF828B00C9F0E
:10780800DDF84490002B6FD0DDE904458B4BC5F3C0
:10781800130199422A463CD0002F00F0AB80DDE9E5
:1078280004231F421C4621D00F9B58464946002B73
:1078380000F0C28001F07EFF089D02460B467DB134
:10784800C4F30A54C4F16B04002C09DD240504F1C7
:107858007F53002203F5401303F06AFF02460B46EC
:1078680058464946FEF738F883468946089B73B15F
:1078780058464946724B002203F05AFF03460B4311
:1078880008BF22238346894608BFCAF800301C98DF
:1078980062E5089B0499002B00F0BB80634B2B40EA
:1078A800B3F1D46F00F2B5804FF0FF301B0DC3F178
:1078B8006B0300FA03F39942AED1624B9A4200F08F
:1078C800E0805A4B134003F580130593002304937B
:1078D800DDE904349B46A146C8E701F154730593DA
:1078E80000230893FFF716BBDDE90412C2F3130364
:1078F8000B43144690D1089B002B40F0B7804B4BAC
:107908002340A3F580136FEA13536FEA03530593DB
:107918004FF0FF330493DDE904349B46A146A5E705
:107928000F9BDDE904120B4358465E46DDF8449090
:10793800DDF828B00B9799D1C2F313031446002B36
:1079480094D122F000431B0D1B05B3F1D66F8DD9DE
:10795800436913B90369012B88DD3146012250467A
:1079680001F0AEFD4146064601F01EFE00287FF7F5
:107978007DAFC0E7DDE904341CEA030F3FF476AFBE
:1079880052E731491BA81EAA01F070F905287FF4B7
:1079980085AA1F9B43F0FF4343F4E00305931E9B16
:1079A8000493DDE904349B46A146FFF780BA274BD0
:1079B8004FF00009089354E501F0BCFE089D02460B
:1079C8000B46002D44D0C4F30A54C4F16B04002CB8
:1079D80009DD240504F17F530F9A03F5401303F0E2
:1079E800A7FE02460B4658464946FDF773FF00229C
:1079F800002383468946FEF77BF900283FF438AF19
:107A080047E64FF0FF3202FA03F3049A1A40049251
:107A1800B3E54FF0FF334EE74FF0FF33C2F14B02AF
:107A280003FA02F202EA01030593A6E50000F07FDB
:107A380038C800080000E0BF0000E03FFFFF0F006B
:107A480000005039FFFFEF7F7CC6000828C90008F6
:107A580058464946FDF73EFF0022002383468946E3
:107A6800FEF746F900283FF412AF12E6074B234011
:107A7800B3F1D66F3FF745AFB3F15C7F3FF7F8AE90
:107A880007E601317FF41DAFFFF7A9BB0000F07FC7
:107A9800014BFFF761B800BFB40000208C4600B569
:107AA80086461346034A714610685DF804EB624641
:107AB800FFF752B84C00002084460A460249034B9F
:107AC80008686146FFF748B84C000020B400002061
:107AD8002DE9F04105460C46214F1346294622461A
:107AE8003868FFF739F802460B460C460546FEF79C
:107AF80031F940BB2146284604F04CF820F00048F4
:107B080006461849404604F00BF9C8B940461549DD
:107B180004F0E8F8A0B924F0004428464FF0FF32FA
:107B28002146114BFEF716F938B928464FF0FF32B7
:107B380021460D4BFEF7F0F810B122223B681A607F
:107B48003046BDE8F081002C084804DA03F00EF94D
:107B580000F10046F4E7BDE8F04103F007B900BFC3
:107B68004C000020FFFF7F7FFFFFEF7F74D70008E6
:107B78002DE9F0410446214F0A46214B2146386839
:107B8800FEF7EAFF02460B460C460546FEF7E2F80A
:107B980040BB2146284603F0FDFF20F0004806467A
:107BA8001849404604F0BCF8C8B94046154904F0E5
:107BB80099F8A0B924F0004428464FF0FF32214636
:107BC800114BFEF7C7F838B928464FF0FF32214667
:107BD8000D4BFEF7A1F810B122223B681A6030461F
:107BE800BDE8F081002C094804DA03F0BFF800F181
:107BF8000046F4E7BDE8F04103F0B8B84C000020B7
:107C0800B4000020FFFF7F7FFFFFEF7F74D70008DD
:107C18002DE9F04F81468E46444D70461EF801CB43
:107C280015F80C4014F00804F7D1BCF12D0FE34609
:107C380053D06FF00048BCF12B0F04BF9EF800B082
:107C480000F1020E1BB1102B4FD01F4604E0BBF110
:107C5800300F55D00A231F460025B8FBF7F62846F3
:107C680007FB168A07E0864215D329D0012507FBB2
:107C780000C01EF801BBABF1300CBCF1090F06D9EE
:107C8800ABF1410CBCF1190F08D8ABF1370C6345C7
:107C98000DDD002DE7DA4FF0FF35EAE7ABF1610CB7
:107CA800BCF1190F03D8ABF1570C6345F1DC002D7B
:107CB8000BDB04B140420AB195BB1160BDE8F08FFF
:107CC800E245D3DA4FF0FF35D3E72223C9F8003075
:107CD8001AB340460EF1FF31EFE79EF800B04FF0BF
:107CE8000048012400F1020EACE7BBF1300FACD123
:107CF8009EF8000000F0DF00582807D01F46ABE7C9
:107D08009EF8003003F0DF03582B0BD110279EF8A4
:107D180001B03B460EF1020E9EE74046BDE8F08FEB
:107D28008046D6E708231F4696E700BF61C50008CE
:107D3800012B02D0242B00D86AE710B500F0F8F91F
:107D480016230360002010BD012A10B509D0242A8B
:107D580007D8074C13460A4601462068BDE810407C
:107D680056E700F0E5F916230360002010BD00BFB8
:107D78004C000020012A10B509D0242A07D8074C46
:107D880013460A4601462068BDE8104040E700F067
:107D9800CFF916230360002010BD00BF4C0000205F
:107DA8002DE9F04707460E464A4D304616F801CBF6
:107DB80015F80C4014F00804F7D1BCF12D0FE64675
:107DC80058D0BCF12B0F04BF96F800E0861C5BB1BD
:107DD800102B54D04FF0FF38B8FBF3F803FB08FA28
:107DE80099466FEA0A0A08E0BEF1300F5AD00A2312
:107DF8004FF0050A9946DFF8E0800025284607E09D
:107E0800404515D829D0012509FB00C016F801EB1B
:107E1800AEF1300CBCF1090F06D9AEF1410CBCF142
:107E2800190F08D8AEF1370C63450DDD002DE7DAE0
:107E38004FF0FF35EAE7AEF1610CBCF1190F03D83A
:107E4800AEF1570C6345F1DC002D0BDB04B1404269
:107E58000AB16DB91160BDE8F087D445D3DD4FF0A4
:107E6800FF35D3E722234FF0FF303B60002AF2D0E2
:107E7800711EEFE796F800E00124861CA7E7BEF123
:107E8800300F21D1307800F0DF00582816D14FF09C
:107E9800100996F801E04FF00F0A6FF070484B4652
:107EA8000236AAE7337803F0DF03582BEFD0082314
:107EB8004FF0070A6FF0604899469EE799466FF0C1
:107EC80070484FF00F0A98E74FF00F0A6FF07048AC
:107ED800994692E761C500089999991960E700BF2A
:107EE8008C4600B586461346034A714610685DF80D
:107EF80004EB624654E700BF4C0000208C4600B5F6
:107F080086461346034A714610685DF804EB6246DC
:107F180046E700BF4C000020F8B506460D4614465B
:107F280008B1836943B3254B9C422AD0244B9C4219
:107F380029D0244B9C4208BFF468A269A389A26097
:107F48001A0722D5236903B322686169D31AEDB2EF
:107F580099422F4629DD0133A1680139A160511CDE
:107F68002160157062699A4216D0A389DB0701D592
:107F78000A2D11D03846F8BD00F0C6FA0F4B9C42C6
:107F8800D4D17468D9E7B468D7E72146304600F001
:107F98003BF838B92369D7E72146304600F052F953
:107FA8000028E7D04FF0FF37E4E72146304600F0DD
:107FB80049F90028F6D101232268CDE7F8C6000860
:107FC800D8C60008B8C6000803460A460249086829
:107FD8001946FFF7A1BF00BF4C00002038B50C467A
:107FE800114600228446074D20462A601A466446F8
:107FF80003F02AFF431C00D038BD2B68002BFBD0B0
:10800800236038BDF80A00203C4B70B51D68064651
:108018000C460DB1AB69E3B1394B9C421FD0394BCB
:108028009C424DD0384B9C4208BFEC68B4F90C30E8
:1080380018079AB219D5216911B312F001002FD08F
:1080480000256069A5604042A06100292ED000206B
:1080580070BD284600F058FA294B9C42DFD16C6865
:10806800B4F90C3018079AB2E5D4D1063ED55207B8
:1080780028D4216943F00803A3819AB20029DCD1EE
:1080880002F42070B0F5007FD7D02146304600F0CA
:10809800D9FEB4F90C3021699AB212F00100CFD19F
:1080A800950758BF6069A0600029D0D1120658BF53
:1080B8000846CDD543F040034FF0FF30A38170BD93
:1080C800AC68B3E7616B51B104F14402914204D04A
:1080D8003046FEF75DF9B4F90C30002262630022E5
:1080E800216923F02403C4E90012C3E7092243F0FD
:1080F800400332604FF0FF30A38170BD4C00002078
:10810800F8C60008D8C60008B8C60008002238B566
:10811800064D044608462A6003F050FE431C00D072
:1081280038BD2B68002BFBD0236038BDF80A00202F
:10813800014B1868704700BF4C000020F8B58B89C8
:108148000C46190707463BD46268002A55DDE66AE3
:10815800002E50D000223D683A6013F4805250D16E
:1081680001233846216AB047421C5CD0A389E66ADD
:108178005B0705D56368C01A636B0BB1236CC01A23
:108188000246216A00233846B047411C3BD13B6870
:10819800002B38D01D2B01D0162B4BD10023226980
:1081A800C4E90023616B3D6029B304F1440399429B
:1081B80002D03846FEF7ECF8002318466363F8BD92
:1081C8002669C6B19A0718BF0023256808BF6369E6
:1081D8002660AD1BA3600CE02B463246D4F828C0BD
:1081E8003846216AE047B0F1000CA5EB0C0566445F
:1081F80012DD002DF0DC0020F8BD226C002AA6DC80
:10820800F9E7606DB4E70022236962602360A389FF
:10821800DB04C7D56065C5E7A3894FF0FF3043F09D
:108228004003A381F8BD3B68002B9FD01D2B06D0CF
:10823800162B04D0A38943F04003A381F8BD002086
:108248003D60F8BD38B50B69BBB10C46054608B1B1
:108258008369B3B10D4B9C4211D00D4B9C4213D096
:108268000C4B9C4208BFEC68B4F90C302BB121468A
:108278002846BDE83840FFF761BF002038BD6C686C
:10828800F2E700F041F9E5E7AC68EDE7F8C6000869
:10829800D8C60008B8C6000838B540B30369044614
:1082A800E3B1174B1D680DB1AB69CBB1154B9C42BF
:1082B8000FD0154B9C4221D0144B9C4208BFEC6850
:1082C800B4F90C3053B121462846BDE83840FFF7D1
:1082D80035BF6C68B4F90C30002BF4D1002038BDE0
:1082E800284600F011F9074B9C42E2D1F1E7084B10
:1082F80008491868BDE8384000F046B9AC68DFE7BF
:108308004C000020F8C60008D8C60008B8C6000807
:1083180064C600084D82000800207047014900F03B
:1083280033B900BF4D82000800207047682270B53D
:108338004D1E02FB05F50E4605F17401FEF78EF899
:10834800044640B100210C30C4E9016005F168021F
:108358002160FDF7CBFF204670BD00BF274B2DE9FC
:10836800F0411E680746B36953B34FF00408483616
:10837800D6E90134013B04D51EE05A1C04F1680417
:108388001AD0B4F90C50013B002DF6D11C4B082231
:108398002946C4E90055C4E90253C4E90455656691
:1083A800A56104F15C00FDF7A1FFC4E90D55C4E91E
:1083B80012552046BDE8F08135682DB12E46D7E725
:1083C800304600F01FF8D0E74FF4D6713846FEF774
:1083D80045F8044668B1056029460546C0F804809A
:1083E8000C304FF4D072A060FDF780FF34602E4649
:1083F800BEE70C2330603B60DBE700BF64C60008C3
:108408000100FFFF0023334A2DE9F0471268C0E955
:1084180012339042036508BF01232F4908BF8361C7
:1084280081620546FFF79AFF034628466B60FFF70F
:1084380095FFA86028460024FFF790FF04236E6884
:10844800DFF898A0DFF89890DFF89880264FE8606A
:108458000822F3602146C6E90044C6E9044474666C
:10846800B460B46106F15C00FDF740FF1F4BC6E93C
:10847800086AC6E90A983763AE680822F36021469D
:10848800C6E90044C6E904447466B460B46106F100
:108498005C00FDF72BFF164BC6E9086AC6E90A9887
:1084A8003763EE682146F3600822C6E90044C6E94E
:1084B80004447466B460B46106F15C00FDF716FF0D
:1084C8000123C6E9086AC6E90B87C6F82890AB619C
:1084D800BDE8F08764C600082583000881670008A6
:1084E800A9670008E9670008096800080900010091
:1084F80012000200024B0349186800F045B800BF9B
:1085080064C600084D820008836903B97AE770479A
:10851800704700BF704700BF704700BF704700BF7B
:10852800024B0349186800F00FB800BF4C00002048
:1085380021830008024B0349186800F005B800BF02
:108548004C000020318300082DE9F04100268846C0
:1085580000F14807D7E90154013D0ED4A389013D34
:10856800012B06D9B4F90E30013302D02046C0479A
:1085780006436B1C04F16804F0D13F68002FE9D171
:108588003046BDE8F08100BF2DE9F8434FF00009FF
:108598000746884600F14806D6E90154013D10D443
:1085A800A389013D012B08D9B4F90E30013304D059
:1085B80021463846C04749EA00096B1C04F16804A3
:1085C800EED13668002EE7D14846BDE8F88300BFF3
:1085D8002DE9F0410469B4EB611F2FDD00F1140EA1
:1085E8004E1111F01F0C0EEB84050EEB86032BD0F9
:1085F8005EF8262004339D4222FA0CF1CCF12008C3
:1086080018D977461A6802FA08F20A4347F8042B81
:1086180053F8041B9D4221FA0CF1F3D8A41BA300C4
:10862800053B9B0801330EEB83044EF82310C9B1B8
:10863800043417E0744641610029F9D1002303612D
:1086480000234361BDE8F0819D4288BF00F110021C
:10865800F4D953F8041B9D4242F8041FF9D8A41B0F
:108668000EEB8404A4EB0E039B1074450361E7D062
:10867800BDE8F0812DE9F04F0446A948894606680F
:108688008BB030460292079303960594FEF7F8F9EB
:108698003346D9F800500344A9780246302913F824
:1086A80001BC40F0DB816FF00100EB1C401B1D4654
:1086B80000EB030A13F8011B3029F8D0DFF86482B5
:1086C80018F80130002B00F0F18000273C462B7889
:1086D80018F803302E462BB116F8013F18F803306E
:1086E800002BF9D1304603990192FEF7F7F9019A68
:1086F8000090002800F09280002C40F0928033789F
:10870800009403F0DF03502B344600F09480C9F83E
:108718000060002F40F0AC80631B013B072B3946FB
:1087280004DD5B10072B01F10101FADC05980492C6
:1087380000F03AFC049A0190002800F06A82019B3C
:10874800A54203F11406069680F0DD810027C2F1E8
:108758000103B946049311E0202F00F092803946B6
:10876800043714F8013C544618F80330AC4203F0BF
:108778000F0303FA01F349EA030916D914F8013C77
:1087880004F1FF3A5B45E7D1049B5344AB42E3D382
:108798001846039909920893FEF7A0F9DDE9083213
:1087A8000028D9D11C46AC42E8D8069B46F8049B61
:1087B800F61A019BB6101E61484600F001FD029BA7
:1087C80076011C68301AA04200F3AE80C0F2268100
:1087D8000027029B009A9B689342C0F28981029904
:1087E800009A4B6893427EDD9D1AAC4200F3BC8030
:1087F800CA68022A00F0BC81032A00F0B481012A69
:1088080000F0988150250598019900F00DFC00238F
:108818002846149A13600BB0BDE8F08F002C00F0C6
:108828000B81A41BA30000933378344603F0DF03C5
:10883800502B7FF46CAF63782B2B00F0ED802D2B41
:108848006AD00020661C18F803104B1E182B61D83C
:108858007378103918F80330013623BB00B1494248
:10886800009BC9F800600B440093002F3FF454AFFD
:10887800BAF1000F14BF0025062528460BB0BDE845
:10888800F08F002146F8049B0427894669E701EB2D
:10889800810103EB4103A3F1100116F8013F18F819
:1088A8000330002BDAD0192BF1DDD7E728460399DE
:1088B8000092FEF713F9009A002873D1A95CAC184E
:1088C80018F80130002B6FD03029254605D115F84E
:1088D800013F302BFBD018F80330B3FA83F74FF081
:1088E800010A7F09F6E6012557B1029BDB68022BD6
:1088F80062D0032B64D0012B00F0858045F0100571
:108908002846149B019A1A60079B009A1A600BB0BC
:10891800BDE8F08F2646FAE60120A378A61C92E768
:1089280018C8000818C70008019D061B31462846CC
:1089380001F068F8074678B10127721E06995311AD
:1089480051F8231002F01F0307FA03F30B4203D078
:10895800BA4200F3E2800227009B31463344019873
:108968000093FFF735FE34E76E1E002F40F0C980F4
:10897800002E40F0CC8001230699721151F8222074
:1089880006F01F0603FA06F629461642019818BF94
:1089980047F00207FFF71CFE029B641B5B68022579
:1089A8000093A1E72C46297801F0DF01502900F057
:1089B800BD80C9F800405BE7159BC3F1010315931F
:1089C800159B002B9AD0019BDDF818801E690020AA
:1089D8004346B70008EB860103E0994243F8040CCC
:1089E80040D99C4653F8042BB2F1FF3FF5D0013231
:1089F800022DCCF8002000F0C08014F01F0440F0D5
:108A0800E28021257CE7BA077FF578AF069B1B68D3
:108A18001F43FB07D7D471E700207EE7221ADDE960
:108A2800003105989B1A009300F04AFD0346143361
:108A3800002701900693CCE6B35CB01818F8031031
:108A4800064600293FF45DAE16F8013F18F80310FA
:108A58000029F9D1801B8100009152E64FF0000AED
:108A680002352BE6019B9B689E4280F28D8033463F
:108A78000121019A5818022D02EB830310615961F4
:108A88007BD08642B9DA002840F3AA80019A08EB25
:108A98008000536902F1180188424FEA530340F2FB
:108AA800B28044460A6843EAC27344F8043B51F86A
:108AB800043B88424FEA5303F4D8019A821A193AC0
:108AC8009208013248F8223008EB8202002B40F06D
:108AD8009E800199A2EB08039B1042450B6100F0B0
:108AE8008280029B009A9B6801329342009288DA46
:108AF8000199059800F098FA0023149AA3251360A9
:108B0800BBE6012737E74FF00009069E4DE63146E0
:108B1800019800F077FF07462DE72846B11E00F0C0
:108B280071FF00283FF417AF032715E7002301273B
:108B3800009380E6AC427FF465AE012C08D0019822
:108B4800611E00F05FFF00283FF45CAE029B5B688B
:108B58000122079962250B60019B06991A610A6038
:108B6800149A136089E6159A002A3FF44BAEEFE792
:108B7800159A002A7FF446AEEAE7029B1B68013B80
:108B8800A34234D02225BBE6019B059859680131E0
:108B980000F00AFA8046002841D0DDF804900C3035
:108BA8004946D9F810300C3102339A00FDF728FBFA
:108BB8004946059800F038FAD8F81030CDF8048006
:108BC80008F1140854E7474457F8040C00F0F8FA81
:108BD800C4F12004A042BFF614AF019B186952E704
:108BE8000023019A13610023019A536179E7012355
:108BF800621158F8222004F01F04A34013420CBF4E
:108C0800222521257CE64246C8F800306BB10432A3
:108C18005FE70246DE21064B064802F081F902466C
:108C28008421034B034802F07BF9019A1361DAE7C8
:108C380060D6000874D6000810B58646046809E0B6
:108C480014F8013FA3F1410CBCF1190F98BF203370
:108C5800934208D111F8012B002AF1D101340120E7
:108C6800CEF8004010BD002010BD00BF2DE9F04F28
:108C7800096885B04B1111F01F01029002EB8303C4
:108C8800039140F08E801D1F0193002302990198E3
:108C9800096840F8043C4C1C4978002900F097808A
:108CA800A846AC469A461E46DFF868910EE0202991
:108CB80000F28B80B24506DAC44501D2072B5BDD92
:108CC800624551D3082314F8011FA1B119F8010016
:108CD8000028ECD00133082B06F101063ADCDCF859
:108CE8000010090100F00F000843CCF8000014F848
:108CF800011F0029EAD1002E69D0E04501D9072BD0
:108D080073DD624551D26346111F53F8040B9D422F
:108D180041F8040FF9D2A5EB0C0323F00303691CF7
:108D280004330CF1010C614538BF042300211344BE
:108D380043F8041B9D42FBD2019B53F8043C2BB91A
:108D4800AA4248D055F8043D002BF9D0052005B0BB
:108D5800BDE8F08F6245B6D20023ACF1040CCCF824
:108D6800003019460123BDE70023ACF104084CF894
:108D7800043CB246C446A6E7C3F108018900604630
:108D88008B46DCF80030C1F1200E416801FA0EF77D
:108D98003B43036021FA0BF340F8043F4045F4D30A
:108DA8008EE7191D1D4601916FE7039B002BC3D069
:108DB8004FF0FF33019C039954F8040CC1F12001D2
:108DC800CB40034044F8043CB9E7292909D00420E2
:108DD80005B0BDE8F08F012305202B6005B0BDE884
:108DE800F08F029901340C6085E76446C3F10803EB
:108DF8009B00DCF80010C3F12007666806FA07F04C
:108E08000143216026FA03F144F8041FA045F4D871
:108E180077E700BF18C7000838B50C46114600228E
:108E28008446074D20462A601A46644602F0EEFF43
:108E3800431C00D038BD2B68002BFBD0236038BD05
:108E4800F80A0020F0B58B890C46990797B007D52A
:108E5800012204F14703C4E90432236017B0F0BDCE
:108E6800B4F90E10054600292DDB6A4602F0A0F879
:108E7800002827DB019E4FF4806706F47046A6F5AC
:108E88000056B6FA86F6394628467609FDF7E6FA18
:108E980030B3A3891A4A43F08003AA62C4E90407DD
:108EA800A3812060002ED9D02846B4F90E1002F014
:108EB8000BFA0028D2D0A38923F0030343F001035F
:108EC800A381CBE7A38913F0800F14BF40274FF489
:108ED8008067284639460026FDF7C0FA0028D8D111
:108EE800B4F90C309A05B9D4012123F0030304F135
:108EF800470243F00203C4E90421A3812260ADE7DD
:108F08002583000870B50C46B1F90E1016460029E5
:108F18001D4696B013DB6A4602F04AF800280EDBBD
:108F280001994FF4806301F47041A1F50051B1FA41
:108F380081F1002049092960336016B070BD002214
:108F4800B4F90C302A601B0604D540230020336096
:108F580016B070BD4FF480630020336016B070BD4A
:108F680010B4034CD4F8E440A44610BC604700BFDA
:108F7800B400002082B049B15AB16BB113780B60CC
:108F88001278101E18BF012002B0704701A9002AEC
:108F9800F3D1104602B070476FF00100F4E700BF4C
:108FA800704700BF704700BF70B5466A05460C465B
:108FB8005EB1F368A3B153F82400E8B1026843F83E
:108FC80024200023C0E9033370BD1020FDF7D4F836
:108FD80006466862E8B10023C0E901330360C36054
:108FE80021220421284600F03DFD6B6AF060DB6811
:108FF800002BE0D1002070BD0121284601FA04F5BC
:109008006A1D920000F02EFD0028F3D0C0E901454A
:10901800D7E702466621024B024801F081FF00BFF4
:10902800C0D60008D8D6000870B5466A05460C4672
:109038004EB13CB16B6A6268DB6853F8221021605C
:1090480043F8224070BD1020FDF796F8686220B101
:10905800C0E901660660C660EBE702468A21024B5A
:10906800024801F05DFF00BFC0D60008D8D600084E
:109078002DE9F0414FF0000E0E461C460D690746DB
:1090880001F1140001680EF1010E8BB202FB0343DB
:10909800090C4FEA134C02FB01CC9BB203EB0C43C7
:1090A800754540F8043B4FEA1C44EBDC3CB1B3681F
:1090B800AB4207DD06EB850301355C61356130465F
:1090C800BDE8F081716838460131FFF76DFF8046D1
:1090D80090B1326906F10C01023292000C30FDF7B2
:1090E8008FF8314646463846FFF79EFF06EB850364
:1090F80001355C613561E2E70246B521014B024862
:1091080001F00EFF60D60008D8D600082DE9F84314
:109118001E46DFF8A0C0174603F108028CFB023C8C
:10912800092E4FEAE27305460C46C3EB6C0339DDA2
:109138004FF0010C00214FEA4C0C634501F101018D
:10914800F9DC2846FFF730FF014668B3089B092F72
:1091580043614FF00103036112DC09270A34BE4260
:109168000BDDF61B264414F8013B0A222846303B47
:10917800FFF77EFFA6420146F5D10846BDE8F88311
:1091880004F10909C8463C4418F8013B0A2228465C
:10919800303BFFF76DFFA0450146F5D1A7F1080464
:1091A8004C44DCE70021CCE70246CE21024B0348C1
:1091B80001F0B6FE398EE33860D60008D8D600082C
:1091C800020C12040346CAB91020834013F07F4FE3
:1091D80004BF1B02083013F0704F04BF1B0104309A
:1091E80013F0404F04BF9B000230002B05DB13F047
:1091F800804F00F1010008BF202070470020E5E7FC
:109208000368024613F0070009D0D9071FD498074E
:109218004BBF5B089B08012002201360704799B27E
:1092280009B91020C340D9B209B908301B0A190777
:1092380004BF1B090430990704BF9B080230D907F3
:1092480003D45B0800F1010003D0136070470020CD
:1092580070472020704700BF10B50C460121FFF76A
:10926800A3FE024618B10123C0E9043410BD4FF42F
:10927800A071024B024801F053FE00BF60D60008FF
:10928800D8D600082DE9F04F0E6915698846AE4218
:10929800144685B005DB2A46234635460C46164655
:1092A8009846A3686168AF19BB42B8BF0131FFF7A0
:1092B8007BFE0190002800F08780019B03F11409D0
:1092C80009EB870AD14505D24B46002243F8042B07
:1092D8009A45FBD808F1140808EB860B04F114032F
:1092E800D8451A4603EB85055FD22B1B153B23F0A7
:1092F800030304331534A54238BF0423CDE902A77C
:10930800AC461F46924605E0000C29D1C34509F139
:10931800040948D958F8040B85B2002DF4D05646F4
:109328004C46002356F8040B216882B21FFA81FECE
:1093380005FB02EE000C0A0C05FB0022734402EB4D
:1093480013429BB243EA0243B44544F8043B4FEA54
:109358001243E7D849F8073058F8040C000CD5D068
:10936800D9F80030544619464D4600222688090C83
:1093780000FB06119BB20A4443EA024345F8043B4A
:1093880054F8046B2968360C8BB200FB0633A445ED
:1093980003EB12434FEA1342E8D8C34549F80730B4
:1093A80009F10409B6D8DDE902A7002F02DC05E0BF
:1093B800013F03D05AF8043D002BF9D0019B184611
:1093C8001F6105B0BDE8F08F024640F25D11024B07
:1093D800024801F0A5FD00BF60D60008D8D60008F5
:1093E8002DE9F04112F003031446074682B02DD14F
:1093F8000E46A4101CD07A6A8AB39568002D39D01D
:10940800E3074FF0000806D4641011D0286898B11B
:109418000546E307F8D531462A463846FFF732FFB6
:109428000346314638461E46FFF7FEFD6410EDD16F
:10943800304602B0BDE8F0812A4629463846FFF793
:1094480021FF28600546C0F80080E2E7184A013B82
:1094580052F823200023FFF70BFE0646C9E7102029
:10946800FCF78AFE02467862E0B10023C0E90133C6
:109478000360C360012138460192FFF795FD019A08
:10948800054640B1012340F27121C0E904310023AF
:1094980090600360B4E702464FF4A071054B06489C
:1094A80001F03EFD4FF4D771044B034801F038FD3D
:1094B80028C8000860D60008D8D60008C0D600081A
:1094C8002DE9F0470D462E69AB6806EB6216741C51
:1094D8009C429146074649684FEA621A04DD5B00E0
:1094E8009C4201F10101FADC3846FFF75DFD804638
:1094F80000284ED0BAF1000F00F114000EDD03462B
:1095080000210AF105024FEA820C08EB820243F8B7
:10951800041B9342FBD1ACF114031844296905F1EB
:10952800140319F01F0903EB81012AD084464FF078
:10953800000AC9F1200E1A6802FA09F242EA0A0280
:109548004CF8042B53F8042B994222FA0EFAF2D85D
:109558004B1B153B23F00303043305F1150291421D
:1095680038BF0423BAF1000F18BF264640F803A0FD
:1095780038462946C8F81060FFF756FD4046BDE852
:10958800F087043853F8042B994240F8042FF9D88F
:10959800EEE7024640F2D911014B024801F0C0FC47
:1095A80060D60008D8D6000884460B690069C01A3E
:1095B80015D10CF1140C14310CEB830210B401EB2F
:1095C800830301E0944508D252F8044D53F8041D72
:1095D8008C42F7D004D24FF0FF3010BC7047704770
:1095E800012010BC704700BF2DE9F84F0C691369C2
:1095F8008946E41A002C17467DD101F1140614326D
:1096080002EB830206EB830301E09E4276D253F815
:10961800045D52F8041D8D42F7D067D3D9F80410C1
:10962800FFF7C2FC002873D0D9F81050C46000F1CD
:10963800140426464FF0000A3B6909F1140807F1A3
:10964800140E09F1100C08EB85020EEB83095CF887
:1096580004BF5EF8041B1FFA8BF353441FFA81FA08
:10966800090CA3EB0A03C1EB1B4101EB23419BB29D
:1096780043EA0143F14546F8043B4FEA214AE6D85C
:10968800A9EB070115391537B94521F0030606F18D
:10969800040638BF042621F0030138BF0021B04476
:1096A800424526440C4418D93746444654F8041B0E
:1096B8008BB253444FEA234A0AEB11419BB243EA67
:1096C8000143A24247F8043B4FEA214AEED8541E10
:1096D800A4EB080424F00304344423B954F8043DEB
:1096E800013D002BFAD00561BDE8F88F4B460124F7
:1096F800B9461F4692E7F9DB00248FE70021FFF700
:1097080053FC60B101220023C0E90423BDE8F88FAF
:1097180002464FF41071054B054801F001FC024662
:1097280040F23221014B024801F0FAFB60D60008F2
:10973800D8D600080F4B0B40A3F15073002B02DD65
:109748000020194670475B42B3F1A07F4FEA2352CD
:1097580005DA4FF40023002043FA02F17047143A67
:109768001E2AD6BF4FF00043012223FA02F200213D
:10977800104670470000F07F2DE9F041076900F1BD
:10978800140606EB87070C4657F8041CA7F10408D3
:109798000846FFF715FDC0F120030A28236036DDCF
:1097A80046451ED2B0F10B0357F8082C26D0C3F15A
:1097B800200C994022FA0CF00843A7F1080140F068
:1097C8007F558E4245F440153AD202FA03F057F815
:1097D8000C3C23FA0CF303431C4620462946BDE8FB
:1097E800F081B0F10B0308D001FA03F0002340F038
:1097F8007F551C4645F44015EFE71A46144641F0DC
:109808007F5545F4401520462946BDE8F081C0F152
:109818000B0321FA03F2464542F07F552CBF002284
:1098280057F8082C45F4401538BFDA4000F1150305
:1098380001FA03F343EA020420462946BDE8F08111
:1098480002FA03F31C46C8E770B5012182B0164638
:109858001D46FFF7A9FB044600284CD02B46C5F34C
:109868000A55C3F313030DB143F48013002E01937B
:1098780022D068460096FFF7C3FC002837D0019B2A
:109888000099C0F1200203FA02F20A43C34001938F
:109898006261002B14BF02210121A3612161B5B1CE
:1098A800069BA5F2334505441D60079BC0F13500B2
:1098B8001860204602B070BD01A8FFF7A1FC012383
:1098C800019A1946626120302361002DE8D104EB2A
:1098D8008102A0F232431069069A1360FFF770FC08
:1098E800C0EB41112046079B196002B070BDDDE94D
:1098F80000236261CDE7024640F20A31014B02487B
:1099080001F00EFB60D60008D8D600082DE9F04318
:1099180083B0884669468146FFF72EFF04460D4608
:10992800404601A9FFF728FFD9F81030D8F81020D1
:109938000F469A1ADDE90063F31A03EB4213002B72
:109948000CDD05EB035906464D4632463B4620469C
:10995800294602F017F803B0BDE8F083C3EB0333E0
:1099680001EB035106460F46EFE700BF172870B515
:1099780006460ADD002000240749084D22462B46EA
:1099880001F0D6FE013EF9D170BD054B03EBC006D0
:10999800D6E9040170BD00BF0000F03F000024407C
:1099A80028C8000801F1FF3C116902F114034FEACD
:1099B8006C1C03EB81010CF1010C8B4200EB8C0C4D
:1099C80016D210B5A0F1040E53F8044B99424EF884
:1099D800044FF9D88B1A153B23F0030304331844BA
:1099E800844504D9002340F8043B8445FBD810BDC6
:1099F800844505D9002340F8043B8445FBD87047CB
:109A0800704700BF03694A11934200F1140009DA54
:109A180000EB830302E053F8042DC2B98342FAD85D
:109A28000020704710DD11F01F010DD010B450F860
:109A3800224000EB820324FA01F202FA01F18C427F
:109A48000BD0012010BC704700EB8203E6E7012031
:109A5800704753F8042D002AF3D18342F9D8002027
:109A680010BC704738B502FB01F52946FCF7F6FC37
:109A7800044618B12A460021FCF738FC204638BDB8
:109A8800F8B51446F9B1CAB106460D4601F0F2FC24
:109A9800A04202D32F463846F8BD21463046FCF78F
:109AA800DDFC07460028F6D022462946FCF7A8FB2D
:109AB80030462946FCF76CFC3846F8BD2746FCF7CB
:109AC80067FC3846F8BD1146BDE8F840FCF7C6BC4F
:109AD8002DE9F0478F680C469F421D46164638D838
:109AE8008246888910F4906F0ED13D4608682A4650
:109AF800314601F043FC0020A2682368D21B2B44A6
:109B0800A2602360BDE8F0874B69096903EB43084D
:109B1800236808EBD878A3EB01096B1C4FEA6808A7
:109B28004B444345424684BF98464246430513D5B5
:109B380011465046FCF792FC074608B34A4621698D
:109B4800FCF75EFBA38923F4906343F08003A381B1
:109B580007E01F460868CAE75046FFF791FF074627
:109B680050B107EB0900A8EB09032761C4F814807A
:109B78002F46A3602060BAE750462169FCF708FC2D
:109B88000C23CAF80030A3894FF0FF3043F040039C
:109B9800A381B7E72DE9F04F9368914683B0002B76
:109BA8006ED0176880460C4608688D68083744E010
:109BB800B4F80CC01CF4906F2ED0D4E90413451AE5
:109BC80003EB430303EBD373AA194FEA630A531C4D
:109BD8005345524684BF9A4652461CF4806F36D08D
:109BE80011464046FCF73AFC00283AD02A4621693B
:109BF8000190FCF705FBA289019B22F4906242F0D8
:109C08008002A2815819AAEB0505A560C4F814A022
:109C18003546B246236120605946524601F0AEFBF4
:109C2800D9F80830A16820684D1B50449E1BA560D8
:109C38002060C9F808601EB3083757E902B6002E3D
:109C4800FAD0B542AA46B3D93546B246E4E740460B
:109C5800FFF716FF03460028D4D140462169FCF7D8
:109C680097FB0C2300224FF0FF30C8F80030A3897F
:109C780043F04003A381C9E9012203B0BDE8F08F96
:109C880000231846C9F8043003B0BDE8F08F00BFC0
:109C98002DE9F04F1C468B890F461D0680469246DB
:109CA8009DB003D50B69002B00F0F38000230993C6
:109CB800302320228DF82A309AF8003003940125A9
:109CC8007B4C8DF82920002B76D0D14603E019F87B
:109CD800013F002B79D0252BF9D1B9EB0A0B77D1AD
:109CE80099F80020002A67D000234FF0FF3209F1CD
:109CF8000109CDE90523049307938DF853301A938E
:109D080004E0001B05FA00F018430490CA46052237
:109D1800204619F8011B01F0E9FA049B0028F0D14C
:109D2800D80644BF20228DF85320190748BF2B229C
:109D38009AF8001048BF8DF853202A2956D1039A63
:109D480011680432002903927EDB07919AF801100A
:109D58000AF1010A2E295BD0DFF858910322484600
:109D680001F0C4FA48B14022049BA0EB090002FAB2
:109D780000F003430AF1010A04931AF8011B0622B2
:109D88004D488DF8281001F0B1FA002862D04B4BED
:109D9800002B52D003A900913A464046484B04A9EB
:109DA800AFF300800646721C06D0099B3344099322
:109DB8009AF80030002B88D1BB895B064CBF4FF066
:109DC800FF3009981DB0BDE8F08FB9EB0A0BF3D04E
:109DD8005B46524639464046FFF77AFE0130EBD0E3
:109DE800099B99F800205B4409937BE7A1F13002B5
:109DF800092AAFD8079B1AF8011F03EB830302EB6C
:109E08004303A1F13002092AF5D92E290793A3D1DA
:109E18009AF801102A2927D1039B0AF102001A682F
:109E28000433002A0393B8BF4FF0FF339AF80210A7
:109E380005928246B8BF05938EE7039B073323F04C
:109E4800070308330393B0E7494243F0020307913D
:109E580004937BE703A900913A464046184B04A9AE
:109E680000F072FC06469EE70023A1F13002092AA1
:109E78000AF1010A05933FF66FAF1AF8011F03EBC9
:109E8800830302EB4303A1F13002092AF5D90593B4
:109E980062E74021FCF7E2FA3860386110B14023EC
:109EA8007B6103E70C234FF0FF30C8F8003089E7E7
:109EB8000CD7000814D7000818D7000800000000C5
:109EC800D99A000838B54B1C1AD014469389526B9E
:109ED80023F02003A381CDB2AAB16268A36B9A4292
:109EE80009DA23685A1E226003F8015C63680133AB
:109EF8006360284638BD214600F03CFF0028F0D0BA
:109F08004FF0FF35F5E7236922682BB1934203D25E
:109F180012F8013CAB420FD060682346C4E90F2019
:109F2800032104F1440262630122A16303F8465F3E
:109F38002846C4E9003238BD6368013A0133C4E9F0
:109F48000023D6E710B50C46496B69B104F1440308
:109F5800994201D0FCF71CFA0020236C606363600F
:109F680013B1E36B236010BD0022A389216943F07C
:109F780020034FF0FF302160A381626010BD00BF55
:109F88002DE9F04F0026854CADF5237D1546A094AC
:109F98001278834C0DF10408CDE94466A194CDF8FC
:109FA80018810093B2B17F4E0746B35C0C4613F09C
:109FB80008034FF0030BDFF8F0912BD1252A05F1A8
:109FC800010A40D015466168002908DD2168087833
:109FD800A8420FD044980DF5237DBDE8F08F2146A7
:109FE8003846A19B9847002840F0018121680878ED
:109FF800A842EFD1554663680131013B6360459B38
:10A008002160013345932A78002AE3D0B35C13F02A
:10A018000803D3D063680CE021680A780131B35C87
:10A028001B070ED56368459A013BC4E9001301324A
:10A038004592002BF0DC21463846A19B9847002822
:10A04800EAD00135DFE74393419369782A2904D19F
:10A0580010234193A97805F1020AA1F13002092AD7
:10A068000CD8002202EB820201EB4202303A439202
:10A078001AF8011FA1F130000928F3D903224A4830
:10A0880001F034F948B10122A0EB090002FA00F00E
:10A09800419A0AF1010A10434190554615F8013BCF
:10A0A800782B00F28380DFE813F012018100810031
:10A0B8008100810081008100810081008100810090
:10A0C8008100810081008100810081008100810080
:10A0D8008100810081008100810081008100810070
:10A0E8008100810081008100810081008100810060
:10A0F80081008100150181008100810081008100BB
:10A10800810081008100810081008100810081003F
:10A11800810081008100810081008100810081002F
:10A12800810081008100810081008100810081001F
:10A1380081008100C700C700C7008100810081003D
:10A1480081008100810081008100810081008100FF
:10A1580081008100810081008100DB008100810095
:10A16800E40081008100810081008100810081007C
:10A17800F000CA00C700C700C7008100F7008100CF
:10A18800810081008100FB000A010E01810081002D
:10A19800E2008100CA0081008100DB00CD9E00083A
:10A1A8004D9F000861C5000814D700080A23CDF8A0
:10A1B8001CB142936368002B4BDD419B5A0626D5A0
:10A1C800479B022B40F38980042B40F38D804A4B38
:10A1D800002B3FF418AF6B462246384641A9AFF32F
:10A1E800008001283FF4F6AE02287FF40CAF4498B3
:10A1F80000286CD0A38913F0400F18BF4FF0FF3030
:10A20800E9E621463846A19B98470028EFD1226805
:10A218001378F35C1B07D3D563684599013B01317B
:10A22800002B4591636002F10102EADD2260137898
:10A23800F35C1B07C4D5EFE705234793BAE70A2267
:10A2480042926F2B34BF0323042347936368002B88
:10A25800B3DC21463846A19B98470028ADD0C6E715
:10A26800419A42F40072419210224292E9E7022395
:10A27800EBE72946404600F033FD01234793419B15
:10A28800054643F04003419394E700234793419BDD
:10A2980043F0400341938DE7002342930323D4E71F
:10A2A800419BD8063FF5AFAED907009B459A03F10D
:10A2B800040100911B684CBF1A801A60A3E60823AA
:10A2C80042930423C1E7419A42F02002C9E74FF0C4
:10A2D800FF3080E6AA46252575E66B4622463846B5
:10A2E80041A900F087FB7CE76B462246384641A926
:10A2F80000F0E2FB75E700BF000000009368013B37
:10A30800002B936005DAD2F818C0634507DB0A29E9
:10A3180005D01368581C1060084619707047FDF77F
:10A32800FBBD00BF9BB1F8B5134406460F46541E4B
:10A338005D1E01E0AC4208D03A46304614F8011FD1
:10A34800FFF7DCFF431CF5D1F8BD0020F8BD002065
:10A35800704700BF936810B5144613B91846536088
:10A3680010BD00F039FE0023C4E9013310BD00BF61
:10A378002DE9F04F0E4692461C4607469FB018B18D
:10A388008369002B00F0A880954B9E4200F0AA80BC
:10A39800944B9E4200F0B580934B9E4208BFFE68E6
:10A3A800B389180740F1A3803369002B00F09F8020
:10A3B800002320220B9330239AF8001005940125DE
:10A3C8008A4C8DF831208DF8323000297DD0D14665
:10A3D8000B4604E019F8013F002B00F09480252B70
:10A3E800F8D1B9EB0A0B40F0918099F80030002BB6
:10A3F8006BD000234FF0FF3209F10109CDE90723A3
:10A40800069309938DF85B301C9304E0001B05FA52
:10A4180000F018430690CA460522204619F8011B89
:10A4280000F064FF069B0028F0D1D90644BF202223
:10A438008DF85B201A0748BF2B229AF8001048BFF6
:10A448008DF85B202A2972D1059A116804320029F7
:10A458000592C0F2A08009919AF801100AF1010A48
:10A468002E2976D0DFF888910322484600F03EFF77
:10A4780048B14022069BA0EB090002FA00F0034312
:10A488000AF1010A06931AF8011B062259488DF8A9
:10A49800301000F02BFF002800F08380564B002B73
:10A4A8006CD005A9009132463846544B06A9AFF343
:10A4B80000800390039B013307D00B9B039A9AF803
:10A4C800001013440B93002981D1B3895B0615D47E
:10A4D8000B981FB0BDE8F08FFEF716F8404B9E4270
:10A4E8007FF456AF7E68B38918073FF55DAF3146F4
:10A4F8003846FDF789FD00283FF45AAF4FF0FF308A
:10A50800E7E7BE684CE7B9EB0A0BDED0D046CAF1E4
:10A51800010A03E0934538D918F8011F3246384636
:10A52800FFF7ECFE01300AEB0802F3D1CDE7A1F109
:10A538003002092A94D8099B1AF8011F03EB8303F8
:10A5480002EB4303A1F13002092AF5D92E29099318
:10A5580088D19AF801102A292DD1059B0AF1020009
:10A568001A680433002A0593B8BF4FF0FF339AF8EE
:10A57800021007928246B8BF079373E7059B07331B
:10A5880023F007030833059397E70B9A99F80030EF
:10A598005A440B922BE7494243F002030991069370
:10A5A8005AE705A9009132463846144B06A900F02F
:10A5B800CBF803907EE70023A1F13002092A0AF1C3
:10A5C800010A07933FF64EAF1AF8011F03EB830306
:10A5D80002EB4303A1F13002092AF5D9079341E7B9
:10A5E800F8C60008D8C60008B8C600080CD7000886
:10A5F80014D7000818D70008000000002DA3000891
:10A608008C4600B586461346034A714610685DF8C5
:10A6180004EB6246FFF7ACBE4C0000202DE9F04782
:10A6280091461E460A698B680C469A42B8BF1A467C
:10A63800C9F8002091F843300546DDF8208013B1B1
:10A648000132C9F80020226891065DD5D9F800309A
:10A658000233C9F80030226812F0060F11461ED1E5
:10A66800E168CB1A002BD8BF114618DD002704F18A
:10A67800190A06E0D9F80030E268A2EB030CBC45E1
:10A688000CDD0123524631462846C047013007F108
:10A698000107EFD14FF0FF30BDE8F087216894F84B
:10A6A8004330003B18BF01238A060AD53021E2183F
:10A6B80082F8431094F845105A1C2244023382F859
:10A6C80043103146284604F14302C0470130E1D027
:10A6D800236803F00603042B1DD0A3682269934264
:10A6E80025DD00279B1A1F4404F11A09002401E004
:10A6F800BC421CDA01234A4631462846C04701308D
:10A7080004F10104F4D1C5E712F0060F12D0003BA2
:10A7180018BF0123D5E7D9F80030E1682269C91AC2
:10A72800A36821EAE1779342DCDC0029DCDC002025
:10A73800BDE8F087E168D9F80030CB1A002BD8BF04
:10A74800114693DCABE700BF2DE9F04317460A7EBC
:10A7580085B00C46064698460C9D01F1430C002A2C
:10A7680033D0A2F15803D9B2202967D8202B65D855
:10A77800DFE813F0DD006400640064006400640036
:10A7880064006400640064006400A3006E00640058
:10A798006400640064006E00640064006400640087
:10A7A80021007F00BF0064006400AE0064007F00E9
:10A7B80064006400E40023681A0640F102812B68F3
:10A7C8006269191D29601B681A600023E14623612C
:10A7D8003B4621463046CDF8008003AAFFF71EFF0E
:10A7E800013020D04A46394630462369C0470130F7
:10A7F80019D02368E0689B07039919D5431A002BE1
:10A8080016DD002504F1190904E0E0680399431AEC
:10A81800AB420DDD01234A4639463046C047013078
:10A8280005F10105F1D14FF0FF3005B0BDE8F08327
:10A838008842B8BF084605B0BDE8F083012384F814
:10A84800422004F142092361002384F84330BFE722
:10A858002368190602D45A0600F1BF8029680A68DD
:10A86800043129601146002A6ADB0A25DFF87CE1F9
:10A8780010E02368180640F19A802B68191D29609A
:10A8880019686F2A0CBF08250A25DFF860E1002344
:10A8980084F843306268002AA2607DDB236823F0D5
:10A8A80004032360002959D1002A77D1E146082DF5
:10A8B80063D0ACEB090323618AE701222B6804F11A
:10A8C8004209196804332B6084F842102261BBE7FF
:10A8D8002B6800211A1D2A60D3F800906268484648
:10A8E80000F004FD00287FD0A0EB09006060206123
:10A8F800AAE7236843F0200323607822DFF8F0E01A
:10A9080084F845202A68111D2960190642D45D067D
:10A9180040D51188D80744BF43F02003236000299D
:10A9280043D12368102523F020032360AFE7582381
:10A93800DFF8B8E084F845302368E3E72368DCE70C
:10A948002D2284F8432062684942002AA26002DB73
:10A9580023F0040323600A25DFF890E0E146B1FB09
:10A96800F5F30A4605FB131019461EF80030AA42F3
:10A9780009F8013DF3D2082D9BD12368D90798D552
:10A98800626823699A4294DC302309F1FF3989F817
:10A9980000308EE71168BDE70029DFD19EF800304E
:10A9A80004F1420984F8423081E710256FE713F07B
:10A9B800400F2B6803F1040129600CBF196819883E
:10A9C8005FE713F0400F2B68626903F10401296007
:10A9D8001B6814BF1A801A60F7E62A68B2F90010DB
:10A9E80004322A600A463EE7606880E720D70008FC
:10A9F80034D700082DE9F84314468A6807460D46FF
:10AA080088692AB9002814BF4FF0FF3201228A60F2
:10AA18002A68D20603D41A68111D196016684FF007
:10AA28000009DFF8908000B3012837D0022825D12B
:10AA380023681A7812F8082012071FD42A6809F127
:10AA48000109D10603D41B7806F8013B2368616825
:10AA5800AA6801390133013AC4E90031AA606AB130
:10AA6800002904DDA8690028DED12368E6E721462D
:10AA78003846D5F8803198470028F3D02B6813F072
:10AA8800100305D1EA680132EA60AA6902B133709D
:10AA98002B6900204B442B61BDE8F88323686A6961
:10AAA8001978525C002AC9D1B9F1000FE6D1BDE886
:10AAB800F88300BF61C500082DE9F04F0C4687B048
:10AAC800754F03AD8046164697E80700DFF8CCE1DE
:10AAD80085E80700DFF8C8C1A2690193032A18BFF7
:10AAE800E646A368CDF800E05A1EB2F5AE7F40F204
:10AAF80099806FF4AE7003EB000A40F25D13A36017
:10AB0800A14659F81C2BAB4600274D4642F450622B
:10AB180022603368022219785BF8040B00F0E6FB28
:10AB2800A0B1012F77D0022F00F09E80A3685A1E93
:10AB3800A2605BB133685A1C32601B7805F8013B90
:10AB48007368013B002B736040F384800137032F47
:10AB5800DFD16168002968D0C1F11001514B6069EB
:10AB6800194400F0BDF8A368002B00F0928000277C
:10AB780006E0336801333360A368013BA360CBB1BF
:10AB8800306862690178525CA2B13029226856D0D7
:10AB980022F410622260037805F8013B7368013BD8
:10ABA800002B7360E5DC31464046D4F88031984785
:10ABB8000028E1D02268D1050CD54D4507D915F8F4
:10ABC800011C32464046D4F87C31013D98474D453A
:10ABD8005DD0226812F0100213D12A7049466368CA
:10ABE8004046009EB047236801999A0601D4DB07C6
:10ABF80047D40B681A1D0A601B681860E3680133A4
:10AC0800E36000202369A5EB09052F441F44276151
:10AC180007B0BDE8F08F63685BB1236823F4A063D5
:10AC2800236083E74FF0000A6AE70A23062163607E
:10AC380094E708236360236843F40073EEE7110583
:10AC4800A6D50137BAF1000FA8D00133A3600AF1E5
:10AC5800FF3AA3E731464046D4F8803198470028A8
:10AC68003FF474AF0027A5E7236803F4C062B2F588
:10AC7800007F7FF46EAF43F480732360102363601A
:10AC880054E70B681A1D0A601B681880B6E7012094
:10AC9800BEE71F468EE700BF50C90008397D00088F
:10ACA800E57E000854D7000838B50C461146002246
:10ACB8008446074D20462A601A46644601F0AEF8DD
:10ACC800431C00D038BD2B68002BFBD0236038BD57
:10ACD800F80A002000200149704700BF0000F87FF3
:10ACE800F0B50D7804465E2D21D00022964601F17C
:10ACF800010C631E04F1FF0103F8012F8B42FBD105
:10AD080095B1E6438EF0010262550CF1010E1EF872
:10AD1800013C70462D2B10D05D2B04D013B11D467D
:10AD2800F446F1E76046F0BD0CF1FF30F0BD0122BA
:10AD38004D78964601F1020CDBE79CF801005D288E
:10AD4800EDD08542EBDC6F1C0CF1020CE31903F823
:10AD5800012BF1188842FADC431B013B8542A8BF4E
:10AD680000230EF1020EDD19D1E700BF004870473D
:10AD78000000C07F2DE9F0410C46496B04F1440303
:10AD8800994214D0A66B77003A46FEF779FE05463D
:10AD980048B300EB0608014632464046FBF730FA56
:10ADA8000020C4E90D57C4F80080BDE8F0814FF4D5
:10ADB8008061FBF753FB0346A8B14FF4806594F814
:10ADC80046106063A56383F8FF1394F8451000F2FA
:10ADD800FD3283F8FE1394F84410002083F8FD1325
:10ADE8002260BDE8F0814FF0FF30DEE770B54C1C03
:10ADF8006AD00E460546144610B18369002B2FD041
:10AE0800334B9C4231D0334B9C4230D0324B9C4226
:10AE180008BFEC68B4F90C3023F020035807A3816D
:10AE28009AB206D4D1064FD512073BD443F0040397
:10AE3800A381636BF6B2E3B16268A36B9A4205DB48
:10AE480021462846FFF796FF00283DD123685A1E61
:10AE5800226003F8016C636801336360304670BD9B
:10AE6800FDF752FB1A4B9C42CDD16C68D2E7AC6817
:10AE7800D0E7236922682BB1934203D212F8013C30
:10AE8800B3421BD060682346C4E90F20032104F1B4
:10AE9800440262630122A16303F8466F3046C4E9A5
:10AEA800003270BD21462846FDF7CCF960B9B4F9E7
:10AEB8000C30A06023F00803A061B7E76368013A8B
:10AEC8000133C4E90023C9E74FF0FF36C6E700BFE6
:10AED800F8C60008D8C60008B8C6000803460A46DF
:10AEE800024908681946FFF781BF00BF4C000020DF
:10AEF80010B4034CD4F8E040A44610BC604700BF2F
:10AF0800B4000020034649B1FF2A02D801200A7084
:10AF180070478A224FF0FF301A6070470846704722
:10AF2800144600B51A460A4B0D461B6885B0DE6804
:10AF380003464CB1074901913046074902940095F0
:10AF480000F022F800F0A0FA04490C46F3E700BF2D
:10AF58004C00002068D7000878D7000874D700088C
:10AF680008B513460022FFF7DBFF00BF0CB400B59D
:10AF780083B004AB53F8042B0193FFF7F9F903B03E
:10AF88005DF804EB02B070470EB400B5074A82B012
:10AF980003AB0146106853F8042B0193FFF7E8F957
:10AFA80002B05DF804EB03B0704700BF4C0000200E
:10AFB80070B50026074D0446084611462E6000F07D
:10AFC80005FF431C00D070BD2B68002BFBD023600D
:10AFD80070BD00BFF80A00209368002B00F0B7800E
:10AFE8002DE9F04FB1F90C300C4619078046174689
:10AFF80083B098B225D523691BB310F002033D68CE
:10B008002DD04FF0000B5E46DFF8B8A2002E00F0FE
:10B018008B80564533465A4628BF53464046216AD8
:10B02800D4F828C0E047002840F38780BB688344F1
:10B038001B1A361ABB60002BE8D1002003B0BDE80C
:10B04800F08F21464046FCF7DFFF002840F03681AC
:10B05800B4F90C303D6898B210F00203D1D110F069
:10B06800010976D14E46002E5AD08205D4F808B090
:10B0780040F1B580B3455A4600F2CD8010F4906F88
:10B0880000F0CB8023682169A3EB010B636903EB14
:10B09800430A0AEBDA7A0BF101034FEA6A0A3344EE
:10B0A8005345524684BF9A465246430540F1EA80CA
:10B0B80011464046FBF7D2F9002800F0F9805A46BD
:10B0C80021690190FBF79CF8A289019B22F4906208
:10B0D80042F08002A28103EB0B0023613246AAEB07
:10B0E8000B03B346C4F814A0A3602060B246002640
:10B0F8004946019200F042F9A3682168019AA3EB3E
:10B108000B030A44A3602260B868D144A0EB0A008C
:10B11800B860002891D0B4F90C0080B2002EA4D1F8
:10B12800D5E9009608359EE7D5E900B608356DE7FC
:10B1380021464046FDF786F880B3B4F90C304FF04D
:10B14800FF3043F04003A38103B0BDE8F08F002037
:10B1580070471E46AA46994618461D4656B300280B
:10B1680032D04A4620682169B24228BF3246884216
:10B17800636904D9A16803EB010B5A4574DC934257
:10B1880065DC2A464046216AD4F828C0E047B0F179
:10B19800000BD2DDB9EB0B09CAD00120BB685D44B6
:10B1A800A3EB0B03A6EB0B06BB60002B3FF445AFEC
:10B1B800002ED4D10AF1080353F8046C9A4653F8C8
:10B1C800085C0833002EF7D032460A21284600F0E2
:10B1D8008DF8002869D00130A0EB0509C1E7206887
:10B1E800236998421BD86369B34218D86FF0004CA2
:10B1F800B44528BFB4469CFBF3FC4A4603FB0CF35A
:10B208004046216AD4F828C0E047B0F1000A94DD2E
:10B21800A6EB0A0678E7B3463246206866E7B345E8
:10B22800DA4628BFB2464946524600F0A7F8A36856
:10B238002268A3EB0A035244A3602260002BE7D1E3
:10B2480021464046FCF7FEFF0028E1D075E7294675
:10B258009346019200F092F8A368019A9B1AA360A2
:10B2680023681A44226095E729465A4600F086F872
:10B27800236821465B4440462360FCF7E3FF00282F
:10B2880088D05AE74046FEF7FBFB034600287FF4C8
:10B2980022AF40462169FBF77BF80C22B4F90C3049
:10B2A800C8F8002023F0800349E7721C914659E74B
:10B2B8000C22B4F90C30C8F8002040E74FF0FF30FA
:10B2C800BCE600BF00FCFF7F002238B5064D0446EF
:10B2D80008462A6000F08AFD431C00D038BD2B6860
:10B2E800002BFBD0236038BDF80A00205FFA81FCF0
:10B2F800810710D00346511E2AB90AE09A0718465A
:10B308000AD0013905D3184613F8012B6245F5D147
:10B31800704700207047114603290CD80029F8D03F
:10B328000346014401E08B42F3D0184613F8012B81
:10B338006245F8D1ECE7024610B54CEA0C2444EA21
:10B3480004441046036804326340A3F1013E2EEA28
:10B35800030313F0803F04D1043903291046F0D8C1
:10B3680051B10346014401E08B4205D0184613F859
:10B37800012B6245F8D110BD002010BD88420DD9BF
:10B388008B1883420AD900EB020CBAB1624613F853
:10B3980001CD994202F801CDF9D170470F2A0ED894
:10B3A800034602F1FF3C4AB10CF1010C013B8C440D
:10B3B80011F8012B614503F8012FF9D1704740EAD4
:10B3C80001039B074FD1A2F1100370B501F1200CC6
:10B3D80023F00F0501F1100E00F11004AC441B0915
:10B3E8005EF8105C0EF1100E44F8105C5EF81C5C00
:10B3F800103444F81C5C5EF8185C44F8185C5EF87D
:10B40800145CE64544F8145CEAD1013312F00C0FE1
:10B4180001EB031102F00F0400EB031327D08E4653
:10B42800043C24F003064FEA940C1E441C1F5EF8EB
:10B43800045B44F8045FB442F9D10CF1010402F052
:10B44800030203EB840301EB840102F1FF3C4AB1E0
:10B458000CF1010C013B8C4411F8012B614503F8F8
:10B46800012FF9D170BD034602F1FF3C9CE722464B
:10B47800EBE700BF51F8040C0028A0F10400BCBFA2
:10B488000B58C018704700BF062008B500F09AF89E
:10B49800012000F0E1FC00BF38B5446C0CB100207D
:10B4A80038BD80210546FAF7D9FF0246686430B1F5
:10B4B800031F7C3243F8044F9342FBD1EFE74FF070
:10B4C800FF3038BD1F29F8B5054608D8466C0C462C
:10B4D80017464EB156F8240046F82470F8BD1623D6
:10B4E8004FF0FF302B60F8BD8021FAF7B7FF064612
:10B4F800686440B10021031F00F17C0543F8041F74
:10B508009D42FBD1E6E74FF0FF30F8BD1F2938B563
:10B51800054620D8426C0C466AB152F8213053B126
:10B52800012B16D0591C10D00025204642F8245073
:10B538009847284638BD284600F0F8F822460146C4
:10B548002846BDE8384000F0DDB8162301202B60FE
:10B5580038BD002038BD16234FF0FF302B6038BDB2
:10B568001F292BD8426C38B50C46054682B152F8D3
:10B57800243002EB84024BB1591C1AD0012B16D08F
:10B588000025204615609847284638BD012038BD5B
:10B598008021FAF763FF0246686460B10020131F38
:10B5A80002F17C0143F8040F9942FBD1DFE7032045
:10B5B80038BD022038BD4FF0FF3038BD4FF0FF30A6
:10B5C800704700BF38B5144B1F281D681FD86A6C18
:10B5D800044662B152F820304BB1012B15D0591CEA
:10B5E8000FD0002542F820509847284638BD2846F5
:10B5F80000F09CF8224601462846BDE8384000F095
:10B6080081B8162301202B6038BD002038BD1623D1
:10B618004FF0FF302B6038BD4C000020124B1F2824
:10B6280070B51E6808D80D46716C044649B151F8CA
:10B63800240041F8245070BD16234FF0FF303360CA
:10B6480070BD80213046FAF709FF0146706440B1A9
:10B658000022031F00F17C0C43F8042F6345FBD143
:10B66800E5E74FF0FF3070BD4C00002038B50B4BBC
:10B678001D686C6C0CB1002038BD80212846FAF793
:10B68800EDFE686438B1031F00F17C0243F8044FF3
:10B698009342FBD1EFE74FF0FF3038BD4C0000205C
:10B6A80038B5174B1F281D6827D86A6C044682B125
:10B6B80052F8243002EB84024BB1591C1BD0012BE9
:10B6C80017D00025204615609847284638BD012028
:10B6D80038BD80212846FAF7C1FE0246686460B189
:10B6E8000020131F02F17C0143F8040F8B42FBD1A9
:10B6F800DEE7032038BD022038BD4FF0FF3038BDEB
:10B708004C00002070B50026074D04460846114637
:10B718002E6000F073FB431C00D070BD2B68002B1B
:10B72800FBD0236070BD00BFF80A002000F056BBB4
:10B7380070B54FF0FF0C4CF4E06C1CEA11541DBFBF
:10B748001CEA135594EA0C0F95EA0C0F00F0DEF88A
:10B758002C4481EA030621EA4C5123EA4C5350EA6F
:10B76800013518BF52EA033541F4801143F48013C0
:10B7780038D0A0FB02CE4FF00005E1FB02E506F051
:10B788000042E0FB03E54FF00006E1FB03569CF0A6
:10B79800000F18BF4EF0010EA4F1FF04B6F5007FAC
:10B7A80064F5407404D25FEA4E0E6D4146EB06061E
:10B7B80042EAC62141EA55514FEAC52040EA5E50A7
:10B7C8004FEACE2EB4F1FD0C88BFBCF5E06F1ED851
:10B7D800BEF1004F08BF5FEA500E50F1000041EB88
:10B7E800045170BD06F0004646EA010140EA020035
:10B7F80081EA0301B4EB5C04C2BFD4EB0C0541EA57
:10B80800045170BD41F480114FF0000E013C00F36B
:10B81800AB8014F1360FDEBF002001F0004170BD8F
:10B82800C4F10004203C35DA0C341BDC04F11404A8
:10B83800C4F1200500FA05F320FA04F001FA05F234
:10B8480040EA020001F0004221F0004110EBD37001
:10B8580021FA04F642EB06015EEA430E08BF20EA2D
:10B86800D37070BDC4F10C04C4F1200500FA04F3D0
:10B8780020FA05F001FA04F240EA020001F0004162
:10B8880010EBD37041F100015EEA430E08BF20EAD5
:10B89800D37070BDC4F1200500FA05F24EEA020E1D
:10B8A80020FA04F301FA05F243EA020321FA04F04C
:10B8B80001F0004121FA04F220EA020000EBD37003
:10B8C8005EEA430E08BF20EAD37070BD94F0000F03
:10B8D8000FD101F00046400041EB010111F4801F37
:10B8E80008BF013CF7D041EA060195F0000F18BFE8
:10B8F800704703F00046520043EB030313F4801F24
:10B9080008BF013DF7D043EA0603704794EA0C0FDD
:10B918000CEA135518BF95EA0C0F0CD050EA4106F3
:10B9280018BF52EA4306D1D181EA030101F0004170
:10B938004FF0000070BD50EA410606BF1046194698
:10B9480052EA430619D094EA0C0F02D150EA0136A4
:10B9580013D195EA0C0F05D152EA03361CBF1046E5
:10B9680019460AD181EA030101F0004141F0FE4184
:10B9780041F470014FF0000070BD41F0FE4141F408
:10B98800780170BD70B54FF0FF0C4CF4E06C1CEA08
:10B9980011541DBF1CEA135594EA0C0F95EA0C0FBD
:10B9A80000F0A7F8A4EB050481EA030E52EA033578
:10B9B8004FEA013100F088804FEA03334FF0805599
:10B9C80045EA131343EA12634FEA022245EA1115C6
:10B9D80045EA10654FEA00260EF000419D4208BF77
:10B9E800964244F1FD0404F5407402D25B084FEA24
:10B9F8003202B61A65EB03055B084FEA32024FF4D0
:10BA080080104FF4002CB6EB020E75EB030E22BF2C
:10BA1800B61A754640EA0C005B084FEA3202B6EBEC
:10BA2800020E75EB030E22BFB61A754640EA5C009B
:10BA38005B084FEA3202B6EB020E75EB030E22BF2B
:10BA4800B61A754640EA9C005B084FEA3202B6EB2C
:10BA5800020E75EB030E22BFB61A754640EADC00EB
:10BA680055EA060E18D04FEA051545EA16754FEA4D
:10BA780006164FEAC30343EA52734FEAC2025FEA6B
:10BA88001C1CC0D111F4801F0BD141EA00014FF0FA
:10BA980000004FF0004CB6E711F4801F04BF0143CB
:10BAA8000020B4F1FD0C88BFBCF5E06F3FF6AFAEE7
:10BAB800B5EB030C04BFB6EB020C5FEA500C50F177
:10BAC800000041EB045170BD0EF0004E4EEA1131FA
:10BAD80014EB5C04C2BFD4EB0C0541EA045170BD01
:10BAE80041F480114FF0000E013C90E645EA060E45
:10BAF8008DE60CEA135594EA0C0F08BF95EA0C0F73
:10BB08003FF43BAF94EA0C0F0AD150EA01347FF4BA
:10BB180034AF95EA0C0F7FF425AF104619462CE791
:10BB280095EA0C0F06D152EA03353FF4FDAE1046F4
:10BB3800194622E750EA410618BF52EA43067FF445
:10BB4800C5AE50EA41047FF40DAF52EA43057FF4D5
:10BB5800EBAE12E74A0011D212F5001211D20DD540
:10BB68006FF47873B3EB62520ED44FEAC12343F0FB
:10BB7800004343EA505323FA02F070474FF00000A5
:10BB8800704750EA013002D14FF0FF3070474FF054
:10BB9800000070474FEA4102B2F1E04324BFB3F519
:10BBA800001CDCF1FE5C0DD901F0004C4FEAC0022C
:10BBB8004CEA5070B2F1004F40EB830008BF20F010
:10BBC8000100704711F0804F21D113F13872BCBFCA
:10BBD80001F00040704741F480114FEA5252C2F11F
:10BBE8001802C2F1200C10FA0CF320FA02F018BF68
:10BBF80040F001004FEAC1234FEAD32303FA0CFCBB
:10BC080040EA0C0023FA02F34FEA4303CCE77FEA49
:10BC1800625307D150EA01331EBF4FF0FE4040F493
:10BC28004000704701F0004040F0FE4040F4000042
:10BC3800704700BF4FF0FF3C06E000BF4FF0010C1B
:10BC480002E000BF4FF0010C4DF804CD4FEA40026E
:10BC58004FEA41037FEA226C18BF7FEA236C11D0B8
:10BC680001B052EA530C18BF90EA010F58BFB2EB6B
:10BC7800030088BFC81738BF6FEAE17018BF40F0EB
:10BC8800010070477FEA226C02D15FEA402C05D19F
:10BC98007FEA236CE4D15FEA412CE1D05DF8040B24
:10BCA800704700BF844608466146FFE70FB5FFF7B7
:10BCB800C9FF002848BF10F1000F0FBD4DF808ED6F
:10BCC800FFF7F4FF0CBF012000205DF808FB00BF60
:10BCD8004DF808EDFFF7EAFF34BF012000205DF8BA
:10BCE80008FB00BF4DF808EDFFF7E0FF94BF012007
:10BCF80000205DF808FB00BF4DF808EDFFF7D2FF04
:10BD080094BF012000205DF808FB00BF4DF808ED46
:10BD1800FFF7C8FF34BF012000205DF808FB00BF13
:10BD28004FEA40024FEA41037FEA226C02D15FEA00
:10BD3800402C08D17FEA236C02D15FEA412C02D162
:10BD48004FF0000070474FF00100704738B50546C6
:10BD58000C460022002328462146F9F7D3FF28B9CC
:10BD680028462146BDE8384000F00AB8284604F1C4
:10BD7800004100F005F8404261EB410138BD00BFC9
:10BD8800D0B500220B4B06460F46FFF7D1FCFFF754
:10BD9800E1FE0446F9F7DCFE0022074BFFF7C8FC7A
:10BDA80002460B4630463946F9F794FDFFF7D2FEB6
:10BDB8002146D0BD0000F03D0000F0415822024B62
:10BDC8004FF0FF301A607047F80A00205822024BE3
:10BDD8004FF0FF301A607047F80A00205822024BD3
:10BDE8004FF0FF301A607047F80A00205822024BC3
:10BDF80000201A60704700BFF80A00205822024B42
:10BE08004FF0FF301A607047F80A00205822024BA2
:10BE18004FF0FF301A607047F80A00205822024B92
:10BE28004FF0FF301A607047F80A0020044A0549AD
:10BE38001368002B08BF0B4618441060184670475B
:10BE4800FC0A0020000B00205822024B4FF0FF3064
:10BE58001A607047F80A0020FEE700BFF0B5BBB0D3
:10BE6800F5F70CFCF6F7A2FBF4F70AFAF6F7C6FAB0
:10BE780000224FF6FF717120F6F720FBA748F6F76E
:10BE8800F3FBF6F7DBF9F6F729FAF5F769FEF5F7AC
:10BE9800E5FE62B6F4F74CFDF4F768FDA048F6F746
:10BEA800E3FB00224FF6FF717120F6F707FB002530
:10BEB80003210F20F5F7A2FFECB204F1100381B2C1
:10BEC8000022D8B2F6F7FAFA00224FF400412046D1
:10BED800F6F7F4FA002204F160001146C0B2013509
:10BEE800F6F7ECFA102DE3D1002271201146F6F78F
:10BEF800E5FA8C48F6F7B8FB8B4A8C4C9369052118
:10BF080043F010039361636842F6084023F470031A
:10BF18006360636843F400136360F7F75DFA0CAA83
:10BF28001646834B03F110071546186859680833FD
:10BF380003C5BB422A46F7D1186899889B792860BF
:10BF4800A9803046AB71F4F755FA002800F0BD809F
:10BF58009DF83530402104939DF83430754A039399
:10BF68009DF8333022A802939DF8323001939DF852
:10BF7800313000939DF83030FAF726FB22A8F6F707
:10BF880073FB0020F5F70AFC0323054640216A4AA3
:10BF98000093034612A8FAF717FB12A8F6F764FBFA
:10BFA800022D40F2A0806548F5F72CFC6448F6F7AE
:10BFB8005BFB0120F5F7F2FB002303225F4809A988
:10BFC800CDE909330B93F5F713FC5E4B0B9A9A42B4
:10BFD80040F08F804FF6FE730A9D6A1E9A4200F267
:10BFE8008880099AD3B2591EC9B2DE2900F281802D
:10BFF800C2F30721FF297CD0C2F30740FF2878D07D
:10C00800120EFF2A75D07F2B73D0CDE90225CDE91A
:10C0180000108DF837108DF8380060218DF8392020
:10C0280022A8494A8DF83630FAF7CEFA22A8F6F750
:10C038001BFB01253046F7F711FE002D5ED0BDF839
:10C0480028502846F4F733FB00232A4618460121D6
:10C05800F6F7D8FC0020F6F783FE01214FF4C05014
:10C06800F7F7BAF94FF46450F7F788F9042850D075
:10C078000A234FF400510020344D61610790079A5C
:10C08800AA423EDD21612290229AAA423DDD013B6F
:10C0980013F0FF03F1D1F5F701F82D48F6F780FA10
:10C0A8002C4C2D4DF5F742F823781BB92B4B9B6888
:10C0B8005B07F7D401232A482370F6F7D5FA204600
:10C0C800F4F73AFB04236B61ECE7264857E708913D
:10C0D800089A824202D9013BF9D16AE700BF089A5F
:10C0E80001320892F4E740F6B933002142F22730D2
:10C0F800F1E71D48F6F7B8FA00259BE741F28835C5
:10C108009FE7079A01320792B9E7229A01322292F1
:10C11800BAE71648F6F7A8FABDE700BF2CCA000828
:10C1280039CA000844CA0008001002400010014043
:10C138004CC200086BCA0008CACA00080070000890
:10C14800E8CA00084354454EC6D20008DF930400ED
:10C15800CD1000084B0A00200004014000140140E3
:10C1680057CB00089CCA00080BCB000842CB00083C
:10C17800002103E00A4B5B584350043109480A4B3D
:10C1880042189A42F6D3094A02E0002342F8043BD7
:10C19800074B9A42F9D3F4F705FCFFF75FFE7047A7
:10C1A800B8D700080000002020020020200200204C
:10C1B800000B0020FEE70000F8B500BFF8BC08BC83
:10C1C8009E467047F8B500BFF8BC08BC9E4670474D
:10C1D800E9C900085CC900085CC900085CC9000816
:10C1E8005CC900085CC900085CC900085CC9000893
:10C1F8005CC900085CC900085CC900085CC9000883
:10C208005CC900085CC900085CC900085CC9000872
:10C218005CC900085CC900085CC90008F5C90008C9
:10C22800FFC900085CC900085CC900080BCA0008FF
:10C238005CC900085CC900085CC900085CC9000842
:10C248001CCA00080008DC112233C0A80132FFFF15
:10C25800FF00C0A801010808080801003BD0000839
:10C2680040D0000846D000084BD0000853D0000842
:10C2780059D0000860D00008232323232323232335
:10C288002323232323232323232323232323232376
:10C298002323232323232323232323232323232366
:10C2A80023232323232323232323232323230D0A85
:10C2B8002320202020202020202020202020202073
:10C2C8002020202020202020202020202020202066
:10C2D8002020202020202020202020202020202056
:10C2E8002020202020230D0A232020205F5F5F5F6D
:10C2F8005F202020202020202020202020202020F7
:10C3080020205F202020205F5F5F20202020202029
:10C3180020202020202020202020202020230D0A3B
:10C328002320202F205F5F5F5F7C2020202020209B
:10C33800202020202020202020285F2920202F2096
:10C348005F205C202020202020202020202020206A
:10C358002020202020230D0A23207C20285F5F5FD7
:10C368002020205F5F5F205F205F5F205F5F5F208E
:10C3780020205F20207C207C207C207C205F5F5F49
:10C3880020205F205F5F20202020202020230D0A0E
:10C398002320205C5F5F5F205C202F205F205C20D3
:10C3A800275F2060205F205C207C207C207C207C14
:10C3B800207C207C2F205F205C7C20275F205C2055
:10C3C8002020202020230D0A2320205F5F5F5F2983
:10C3D800207C20205F5F2F207C207C207C207C20FC
:10C3E8007C7C207C207C207C5F7C207C20285F2932
:10C3F800207C207C207C207C2020202020230D0AEB
:10C4080023207C5F5F5F5F5F2F205C5F5F5F7C5FE7
:10C418007C207C5F7C207C5F7C7C5F7C20205C5F58
:10C428005F5F2F205C5F5F5F2F7C5F7C207C5F7C81
:10C438002020202020230D0A232020202020202017
:10C4480020202020202020202020202020202020E4
:10C458002020202020202020205C5C20202020205C
:10C4680020202020202020202020202020230D0AEA
:10C478002320202020202020202020204175746F98
:10C488006D61746564204D6561737572656D656E67
:10C49800742073797374656D20202020202020205B
:10C4A8002020202020230D0A232323232323232392
:10C4B8002323232323232323232323232323232344
:10C4C8002323232323232323232323232323232334
:10C4D80023232323232323232323232323230D0A53
:10C4E80000000000CDD3000855120008D2D3000880
:10C4F800EAD3000845120008EFD300080AD4000860
:10C50800951400080ED4000828D400084D1500081A
:10C518002FD4000862D40008191400086DD400084C
:10C528008BD40008C513000894D40008A6D40008CA
:10C5380025130008B4D40008DAD40008B51200089E
:10C54800E1D4000808000000F11A0008B51A000834
:10C55800791A00083D1A00080020202020202020F9
:10C56800202028282828282020202020202020209B
:10C5780020202020202020202088101010101010AB
:10C5880010101010101010101004040404040404F7
:10C598000404041010101010101041414141414191
:10C5A8000101010101010101010101010101010173
:10C5B8000101010110101010101042424242424283
:10C5C8000202020202020202020202020202020243
:10C5D80002020202101010102000000000000000EB
:10C5E8000000000000000000000000000000000043
:10C5F8000000000000000000000000000000000033
:10C608000000000000000000000000000000000022
:10C618000000000000000000000000000000000012
:10C628000000000000000000000000000000000002
:10C6380000000000000000000000000000000000F2
:10C6480000000000000000000000000000000000E2
:10C658000000000000000000000000005000002062
:10C6680035000000CEFBFFFFCB03000001000000F7
:10C678000000000034000000CEFBFFFFCB030000E9
:10C688000100000000000000BC89D897B2D29C3C91
:10C6980033A7A8D523F649393DA7F444FD0FA532A1
:10C6A8009D978CCF08BA5B25436FAC642806681148
:10C6B8000000000000000000000000000000000072
:10C6C8000000000000000000000000000000000062
:10C6D8000000000000000000000000000000000052
:10C6E8000000000000000000000000000000000042
:10C6F8000000000000000000000000000000000032
:10C708000000000000000000000000000000000021
:10C718000000000000000000000000000000000011
:10C728000000000000000000000000000000000001
:10C7380000000000000000000000000000000000F1
:10C748001011121314151617181900000000000014
:10C75800001A1B1C1D1E1F00000000000000000026
:10C7680000000000000000000000000000000000C1
:10C77800001A1B1C1D1E1F00000000000000000006
:10C7880000000000000000000000000000000000A1
:10C798000000000000000000000000000000000091
:10C7A8000000000000000000000000000000000081
:10C7B8000000000000000000000000000000000071
:10C7C8000000000000000000000000000000000061
:10C7D8000000000000000000000000000000000051
:10C7E8000000000000000000000000000000000041
:10C7F8000000000000000000000000000000000031
:10C808000000000000000000000000000000000020
:10C81800B0D6000874D70008B0000020000000005F
:10C8280005000000190000007D0000000000000065
:10C83800000000000000F03F00000000000024405D
:10C8480000000000000059400000000000408F4038
:10C85800000000000088C34000000000006AF840A3
:10C868000000000080842E4100000000D0126341C7
:10C878000000000084D797410000000065CDCD413D
:10C88800000000205FA00242000000E8764837421E
:10C89800000000A2941A6D42000040E59C30A242BC
:10C8A8000000901EC4BCD64200003426F56B0C4331
:10C8B8000080E03779C3414300A0D88557347643D8
:10C8C80000C84E676DC1AB43003D9160E458E14339
:10C8D800408CB5781DAF154450EFE2D6E41A4B44AE
:10C8E80092D54D06CFF08044F64AE1C7022DB544F3
:10C8F800B49DD9794378EA44BC89D897B2D29C3C94
:10C9080033A7A8D523F649393DA7F444FD0FA5322E
:10C918009D978CCF08BA5B25436FAC642806C80A7C
:10C928000080E03779C34143176E05B5B5B8934623
:10C93800F5F93FE9034F384D321D30F94877825AEF
:10C948003CBF737FDD4F157548D700084CD70008EA
:10C9580050D70008534F434B5F4F5448455200543B
:10C9680043502073746174653A2025732028307809
:10C978002530325829202D3E20257320283078254F
:10C98800303258290D0A0044617461207061727355
:10C99800656420286874747029210D0A0044617444
:10C9A800612070617273656420286A736F6E292133
:10C9B8000D0A004461746120706172736564210D11
:10C9C8000A004F4B00536F636B657420636C6F7381
:10C9D800696E6720636C65616E75702E2E2E0D0A68
:10C9E80000534F434B5F434C4F53454400534F4311
:10C9F8004B5F494E495400534F434B5F4C49535486
:10CA0800454E00534F434B5F45535441424C4953A5
:10CA180048454400534F434B5F434C4F53455F5782
:10CA280041495400436C6F636B20746573740D0A3D
:10CA38000053574420746573740D0A004C544332F4
:10CA480036383820696E697469616C697A65642062
:10CA5800286368616E6E656C7320302D3135292E20
:10CA68000D0A004D41432066726F6D2045455052B6
:10CA78004F4D3A20253032583A253032583A253031
:10CA880032583A253032583A253032583A25303221
:10CA9800580D0A00454550524F4D204D41432072D4
:10CAA800656164206661696C65642C207573696EC4
:10CAB800672066616C6C6261636B204D41432E0D8B
:10CAC8000A0072737420636F756E74203D2025759B
:10CAD8002028747269676765723D2575290D0A00FB
:10CAE800466163746F72792072657365743A206663
:10CAF8006C61736820706167652065726173656435
:10CB08000D0A00466C617368206E6574776F726BEE
:10CB180020636F6E66696720696E76616C69642F41
:10CB28006D697373696E673B207573696E672064FE
:10CB3800656661756C74730D0A005374617274696B
:10CB48006E67205365727665722E2E2E0D0A005080
:10CB580061636B65742070726F63657373696E6768
:10CB68002E2E2E0D0A006D6174726978207061692D
:10CB780072206D61702072656A65637465643A201D
:10CB8800636F756E743D25750D0A006D6174726969
:10CB9800782070616972206D6170207365743A2025
:10CBA800636F756E743D25750D0A00726561636863
:10CBB8006564207365745F6D75783A206D75785F6C
:10CBC80069643D25750D0A00466C617368207665B9
:10CBD80072696679204641494C45442E2077726F28
:10CBE80074653D5B30782530386C582030782530B6
:10CBF800386C582030782530386C585D2072656163
:10CC0800643D5B30782530386C58203078253038D2
:10CC18006C582030782530386C585D0D0A005374F4
:10CC28006F7265642049502025752E25752E25754F
:10CC38002E25752C20706F727420257520746F2036
:10CC4800666C6173680D0A006974656D00747275AD
:10CC5800650066616C73650025736B65793A2025FC
:10CC6800732C2076616C75653A2025730D0A0025B2
:10CC7800736B65793A2025732C2076616C75653A5B
:10CC88002025642E253032640D0A0025736B6579E2
:10CC98003A20257320284F626A656374293A0D0A81
:10CCA8000025736B65793A202573202841727261DB
:10CCB800792073697A65202564293A0D0A00756E12
:10CCC8006B6E6F776E00726561636865642072656C
:10CCD8007374207061727365720D0A0057524F4E5B
:10CCE8004720434F4D4D414E440D0A004572726F27
:10CCF800723A20456D707479206F72204E554C4CF5
:10CD0800206275666665720D0A004572726F723A26
:10CD180020526F6F74204A534F4E206973206E6FF4
:10CD28007420616E206F626A6563740D0A004E6F2D
:10CD38006E65006D75783A2064697361626C65642C
:10CD48000D0A006D75783A20696E76616C69642009
:10CD5800737472696E672076616C756520287573C7
:10CD68006520224E6F6E6522290D0A006D75783A8E
:10CD78002073656C65637465640D0A006D75783A97
:10CD880020696E76616C6964206964202875736512
:10CD980020312D34206F7220224E6F6E6522290DAE
:10CDA8000A006D75783A20756E737570706F7274BD
:10CDB80065642076616C756520747970650D0A006C
:10CDC800656E61626C65002D00656E61626C653A26
:10CDD80020696E76616C69642076616C75652028BF
:10CDE8007573652031206F7220222D22290D0A00CB
:10CDF800656E61626C653A206170706C6965640D7E
:10CE08000A00616464726573733A20696E76616CB6
:10CE18006964207479706520286578706563746525
:10CE28006420696E7465676572290D0A006164641F
:10CE3800726573733A206F7574206F662072616E25
:10CE480067652028302D31303233290D0A0061649E
:10CE580064726573733A206170706C6965640D0A59
:10CE6800006D61747269783A2065787065637465DD
:10CE78006420616E206F626A656374206F66207239
:10CE88006F773A636F6C2070616972730D0A006D79
:10CE980061747269783A20746F6F206D616E7920C1
:10CEA80070616972732C207472756E636174696E37
:10CEB800670D0A006D61747269783A20696E76614F
:10CEC8006C6964207061697220656E7472790D0AEC
:10CED800006D61747269783A20696E76616C696474
:10CEE80020726F77206B65790D0A006D6174726925
:10CEF800783A20696E76616C696420636F6C756D31
:10CF08006E2076616C75650D0A006D6174726978C2
:10CF18003A206D617070696E672072656A65637426
:10CF280065642028636865636B20726F772F636F71
:10CF38006C2072616E676573290D0A006D617472E9
:10CF480069783A206D617070696E67206170706CE5
:10CF58006965640D0A004F4B0D0A00634A534F4E32
:10CF6800205061727365204572726F722062656627
:10CF78006F72653A2025730D0A004572726F723A16
:10CF8800204E6F20277B2720666F756E6420696EA0
:10CF9800206275666665720D0A006A736F6E206C92
:10CFA800656E202D3E2025750D0A007B2273746165
:10CFB800747573223A224F4B227D007B2273746171
:10CFC800747573223A2257524F4E4720434F4D4DA6
:10CFD800414E44227D00485454502F312E31203286
:10CFE8003030204F4B0D0A436F6E74656E742D54AC
:10CFF8007970653A206170706C69636174696F6EED
:10D008002F6A736F6E0D0A436F6E74656E742D4CC4
:10D01800656E6774683A2025750D0A436F6E6E65F4
:10D028006374696F6E3A20636C6F73650D0A0D0A3D
:10D038002573004745542000504F53542000505545
:10D0480054200044454C455445200048454144205F
:10D0580000504154434820004F5054494F4E5320EC
:10D06800000D0A3E2000082008000D0A556E6B6E60
:10D078006F776E20636F6D6D616E643A000D0A7490
:10D08800797065202268656C702220666F72206C4A
:10D09800697374206F6620617669616C61626C6582
:10D0A80020636F6D6D616E64730D0A000D0A706FF9
:10D0B8006E670D0A000D0A417661696C61626C65E4
:10D0C80020636F6D6D616E64733A0D0A0020200055
:10D0D800202D200055736167653A207365746D755E
:10D0E80078203C6E3E7C6E6F6E650D0A000D0A4D11
:10D0F80075782064697361626C65640D0A00496E15
:10D1080076616C6964206D75782069640D0A000D7C
:10D118000A4D75782073656C65637465640D0A0043
:10D1280055736167653A20636F6E6669675F6D6105
:10D1380074726978203C726F772C636F6C3E205B49
:10D14800726F772C636F6C202E2E2E5D0D0A0049AE
:10D158006E76616C6964207061697220666F726DA9
:10D168006174202875736520726F772C636F6C2942
:10D178000D0A000D0A4D6174726978206D61707036
:10D18800696E672072656A656374656420286368E0
:10D1980065636B20726F772F636F6C2072616E67A7
:10D1A8006573290D0A000D0A4D6174726978206D46
:10D1B800617070696E67206170706C6965640D0AD2
:10D1C8000055736167653A20736574706F7765728F
:10D1D800203C6F6E7C6F66663E0D0A006F6E006FB6
:10D1E800666600496E76616C696420617267756D68
:10D1F800656E742028757365206F6E206F72206FBE
:10D208006666290D0A000D0A506F776572206170F5
:10D21800706C6965640D0A0055736167653A20731F
:10D22800657461646472657373203C6164647265DB
:10D2380073733E203C656E20307C313E0D0A0049F8
:10D248006E76616C696420616464726573730D0A3B
:10D2580000496E76616C696420656E61626C652058
:10D2680062697420287573652030206F7220312917
:10D278000D0A000D0A416464726573732061707051
:10D288006C6965640D0A0053746F726564206E657D
:10D2980074776F726B20636F6E66696720696E764C
:10D2A800616C69642F6D697373696E673B20757370
:10D2B800696E672064656661756C74730D0A495000
:10D2C80020616464726573733A2025752E25752E66
:10D2D80025752E25750D0A506F72743A2025750D27
:10D2E8000A0055736167653A206E65746366672046
:10D2F8003C69703E203C706F72743E0D0A000D0A46
:10D30800496E76616C696420495020616464726575
:10D31800737320666F726D61740D0A00496E7661D1
:10D328006C696420706F72740D0A000D0A49502FE1
:10D33800706F72742072656A656374656420286C06
:10D348006F6F706261636B2F62726F616463617388
:10D35800742F6D756C7469636173742F726573656E
:10D3680072766564206E6F7420616C6C6F7765648B
:10D37800290D0A000D0A466C61736820766572698A
:10D388006679204641494C45440D0A000D0A5374FC
:10D398006F7265642049502025752E25752E2575D8
:10D3A8002E25752C20706F727420256C7520746F73
:10D3B80020666C61736820616E64206170706C69AE
:10D3C80065640D0A0068656C70006C69737420618F
:10D3D8007661696C61626C6520636F6D6D616E6406
:10D3E800730070696E6700636865636B20736865B6
:10D3F8006C6C20726573706F6E736976656E657399
:10D4080073006E65740073686F7720746865206EAA
:10D418006574776F726B2073657474696E677300D7
:10D428006E657463666700636F6E666967757265BB
:10D4380020746865206E6574776F726B20736574ED
:10D4480074696E67733A206E6574636667203C6919
:10D45800703E203C706F72743E0073657461646442
:10D4680072657373007365746164647265737320A5
:10D478003C616464726573733E203C656E20307C49
:10D48800313E00736574706F7765720073657470F0
:10D498006F776572203C6F6E7C6F66663E00636FC7
:10D4A8006E6669675F6D617472697800636F6E6636
:10D4B80069675F6D6174726978203C726F772C635D
:10D4C8006F6C3E205B726F772C636F6C202E2E2E54
:10D4D8005D007365746D7578007365746D7578207B
:10D4E8003C6E3E7C6E6F6E6500726F7720726F7552
:10D4F80074696E653A3A20726F77206964202D3E10
:10D5080034202C20636F6C756D6E206269747320F3
:10D518002D3E2025780D0A00726F7720726F757482
:10D52800696E653A3A20726F77206964202D3E3320
:10D53800202C20636F6C756D6E2062697473202DCA
:10D548003E2025780D0A00726F7720726F75746916
:10D558006E653A3A20726F77206964202D3E32203A
:10D568002C20636F6C756D6E2062697473202D3E7C
:10D578002025780D0A00726F7720726F7574696EB6
:10D58800653A3A20726F77206964202D3E31202C4D
:10D5980020636F6C756D6E2062697473202D3E2058
:10D5A80025780D0A006170706C7920726F75746946
:10D5B8006E653A3A20726F77206964202D3E2025E7
:10D5C800642C20636F6C756D6E2062697473202DF6
:10D5D8003E2025780D0A0020726F77206964202D7F
:10D5E8003E2025642C20636F6C756D6E2062697413
:10D5F80073202D3E2025782C20636F6C202D3E2033
:10D6080025640D0A00303132333435363738394124
:10D618004243444546002222007525303478006E86
:10D62800756C6C0025640025312E31356700256C3A
:10D63800670025312E3137670025692E25692E258B
:10D648006900EFBBBF0000006E660000696E697478
:10D6580079000000616E000042616C6C6F6320739A
:10D668007563636565646564000000002E2E2F2EC7
:10D678002E2F2E2E2F2E2E2F2E2E2F2E2E2F2E2EBD
:10D688002F2E2E2F6E65776C69622F6C6962632F5F
:10D698007374646C69622F6764746F612D67657455
:10D6A8006865782E630000002E000000430000002B
:10D6B800504F5349580000005245454E54206D6163
:10D6C8006C6C6F63207375636365656465640000E3
:10D6D8002E2E2F2E2E2F2E2E2F2E2E2F2E2E2F2E5D
:10D6E8002E2F2E2E2F2E2E2F6E65776C69622F6CA3
:10D6F8006962632F7374646C69622F6D70726563FD
:10D708002E630000232D302B20000000686C4C0095
:10D718006566674546470000303132333435363761
:10D728003839414243444546000000003031323325
:10D738003435363738396162636465660000000045
:10D748002B2D00003030000078580000412D466134
:10D758002D66383930313233343536375D000000C4
:10D768002C2066756E6374696F6E3A2000000000A5
:10D77800617373657274696F6E2022257322206647
:10D7880061696C65643A2066696C6520222573229C
:10D798002C206C696E65202564257325730A0000AA
:08D7A8000087FF7F0100000073
:04D7B000510200081A
:04D7B400290200083E
:10D7B80000580040FFFFFFFF8813FF0000A24A0443
:10D7C80000C000000002573535303000000000006E
:10D7D800A13600086137000863370008653700087C
:10D7E800A3360008A736000800000000000000006B
:10D7F80081610008916100081D6500085000002043
:10D8080000000000F8C60008D8C60008B8C600081E
:10D818000000000000000000000000000000000000
:10D8280000000000000000000000000000000000F0
:10D8380000000000000000000000000000000000E0
:10D8480000000000000000000000000000000000D0
:10D8580000000000000000000000000000000000C0
:10D86800FF0000004300000000000000000000006E
:10D8780000000000000000000000000000000000A0
:10D88800000000004300000000000000000000004D
:10D898000000000000000000000000000000000080
:10D8A800000000004300000000000000000000002D
:10D8B8000000000000000000000000000000000060
:10D8C800000000004300000000000000000000000D
:10D8D8000000000000000000000000000000000040
:10D8E80000000000430000000000000000000000ED
:10D8F8000000000000000000000000000000000020
:10D9080000000000430000000000000000000000CC
:10D9180000000000000000000000000000000000FF
:10D9280000000000430000000000000000000000AC
:10D9380000000000000000000000000000000000DF
:10D94800000000000DAF00087D8F000800000000F7
:10D9580060C50008B0D6000874D7000874D700085E
:10D9680074D7000874D7000874D7000874D7000863
:10D9780074D7000874D7000874D70008FFFFFFFFAA
:10D98800FFFFFFFFFFFFFFFFFFFF00000100415304
:10D9980043494900000000000000000000000000AA
:10D9A80000000000000000000000000000004153DB
:10D9B800434949000000000000000000000000008A
:10D9C800000000000000000000000000000000004F
:040000050800C179B5
:00000001FF
